timestamp,trade_date,ticker,price,lot,buyer_broker,seller_broker,side_aggressor,trade_seq
2026-04-09 09:00:00,2026-04-09,AAA,214.1,13,RX,KK,SELL,1
2026-04-09 09:00:03,2026-04-09,AAA,213.74,9,YP,XC,SELL,2
2026-04-09 09:00:06,2026-04-09,AAA,213.64,40,YP,YU,SELL,3
2026-04-09 09:00:09,2026-04-09,AAA,213.66,15,PD,KK,SELL,4
2026-04-09 09:00:12,2026-04-09,AAA,213.54,79,YU,YP,BUY,5
2026-04-09 09:00:15,2026-04-09,AAA,213.84,80,YU,BK,BUY,6
2026-04-09 09:00:18,2026-04-09,AAA,213.98,105,AI,RX,BUY,7
2026-04-09 09:00:21,2026-04-09,AAA,214.28,86,CC,RX,BUY,8
2026-04-09 09:00:24,2026-04-09,AAA,214.07,15,XL,YP,SELL,9
2026-04-09 09:00:27,2026-04-09,AAA,214.27,104,CC,XL,BUY,10
2026-04-09 09:00:30,2026-04-09,AAA,214.8,98,BK,PD,BUY,11
2026-04-09 09:00:33,2026-04-09,AAA,214.56,89,AI,KK,SELL,12
2026-04-09 09:00:36,2026-04-09,AAA,214.57,72,CC,CC,BUY,13
2026-04-09 09:00:39,2026-04-09,AAA,214.77,98,CC,YP,BUY,14
2026-04-09 09:00:42,2026-04-09,AAA,214.81,102,YU,XC,BUY,15
2026-04-09 09:00:45,2026-04-09,AAA,215.16,67,CC,CC,BUY,16
2026-04-09 09:00:48,2026-04-09,AAA,215.54,54,YU,YU,BUY,17
2026-04-09 09:00:51,2026-04-09,AAA,215.72,94,CC,CC,BUY,18
2026-04-09 09:00:54,2026-04-09,AAA,215.53,36,RX,YU,SELL,19
2026-04-09 09:00:57,2026-04-09,AAA,215.16,20,RX,KK,SELL,20
2026-04-09 09:01:00,2026-04-09,AAA,215.05,120,YU,XL,BUY,21
2026-04-09 09:01:03,2026-04-09,AAA,215.23,86,BK,YP,BUY,22
2026-04-09 09:01:06,2026-04-09,AAA,214.92,84,YU,KK,SELL,23
2026-04-09 09:01:09,2026-04-09,AAA,215.1,86,BK,KK,BUY,24
2026-04-09 09:01:12,2026-04-09,AAA,215.08,93,AI,PD,BUY,25
2026-04-09 09:01:15,2026-04-09,AAA,215.03,118,AI,KK,BUY,26
2026-04-09 09:01:18,2026-04-09,AAA,214.88,27,XC,BK,SELL,27
2026-04-09 09:01:21,2026-04-09,AAA,214.97,77,AI,RX,BUY,28
2026-04-09 09:01:24,2026-04-09,AAA,215.17,117,YU,XC,BUY,29
2026-04-09 09:01:27,2026-04-09,AAA,214.94,108,CC,BK,SELL,30
2026-04-09 09:01:30,2026-04-09,AAA,214.72,31,RX,CC,SELL,31
2026-04-09 09:01:33,2026-04-09,AAA,214.55,128,CC,PD,SELL,32
2026-04-09 09:01:36,2026-04-09,AAA,214.69,60,AI,BK,BUY,33
2026-04-09 09:01:39,2026-04-09,AAA,214.94,95,CC,XL,BUY,34
2026-04-09 09:01:42,2026-04-09,AAA,214.74,27,RX,RX,SELL,35
2026-04-09 09:01:45,2026-04-09,AAA,214.81,98,AI,CC,BUY,36
2026-04-09 09:01:48,2026-04-09,AAA,214.37,25,XL,YU,SELL,37
2026-04-09 09:01:51,2026-04-09,AAA,214.22,95,BK,KK,SELL,38
2026-04-09 09:01:54,2026-04-09,AAA,213.98,63,BK,RX,SELL,39
2026-04-09 09:01:57,2026-04-09,AAA,214.04,40,XC,BK,SELL,40
2026-04-10 09:00:00,2026-04-10,AAA,212.11,7,XC,AI,SELL,1
2026-04-10 09:00:03,2026-04-10,AAA,211.78,28,XL,YP,SELL,2
2026-04-10 09:00:06,2026-04-10,AAA,211.76,58,AI,RX,BUY,3
2026-04-10 09:00:09,2026-04-10,AAA,211.16,47,PD,RX,SELL,4
2026-04-10 09:00:12,2026-04-10,AAA,211.43,72,BK,KK,BUY,5
2026-04-10 09:00:15,2026-04-10,AAA,211.5,63,BK,CC,BUY,6
2026-04-10 09:00:18,2026-04-10,AAA,211.67,116,YU,CC,BUY,7
2026-04-10 09:00:21,2026-04-10,AAA,211.62,18,RX,PD,SELL,8
2026-04-10 09:00:24,2026-04-10,AAA,211.39,42,KK,YU,SELL,9
2026-04-10 09:00:27,2026-04-10,AAA,211.2,66,BK,RX,SELL,10
2026-04-10 09:00:30,2026-04-10,AAA,210.85,19,YP,KK,SELL,11
2026-04-10 09:00:33,2026-04-10,AAA,211.05,87,AI,YP,BUY,12
2026-04-10 09:00:36,2026-04-10,AAA,210.7,48,KK,YP,SELL,13
2026-04-10 09:00:39,2026-04-10,AAA,210.85,41,CC,YU,BUY,14
2026-04-10 09:00:42,2026-04-10,AAA,210.73,76,YU,KK,SELL,15
2026-04-10 09:00:45,2026-04-10,AAA,210.89,52,BK,YP,BUY,16
2026-04-10 09:00:48,2026-04-10,AAA,211.04,61,BK,YP,BUY,17
2026-04-10 09:00:51,2026-04-10,AAA,211.34,47,AI,XL,BUY,18
2026-04-10 09:00:54,2026-04-10,AAA,211.22,66,AI,PD,SELL,19
2026-04-10 09:00:57,2026-04-10,AAA,211.02,48,XC,CC,SELL,20
2026-04-10 09:01:00,2026-04-10,AAA,211.35,68,CC,PD,BUY,21
2026-04-10 09:01:03,2026-04-10,AAA,211.22,110,BK,RX,SELL,22
2026-04-10 09:01:06,2026-04-10,AAA,211.67,83,CC,RX,BUY,23
2026-04-10 09:01:09,2026-04-10,AAA,211.99,62,YU,XL,BUY,24
2026-04-10 09:01:12,2026-04-10,AAA,212.1,57,CC,XL,BUY,25
2026-04-10 09:01:15,2026-04-10,AAA,211.76,1,PD,XC,SELL,26
2026-04-10 09:01:18,2026-04-10,AAA,211.41,106,BK,YU,SELL,27
2026-04-10 09:01:21,2026-04-10,AAA,211.53,107,CC,CC,BUY,28
2026-04-10 09:01:24,2026-04-10,AAA,211.57,98,CC,PD,BUY,29
2026-04-10 09:01:27,2026-04-10,AAA,211.27,19,XL,CC,SELL,30
2026-04-10 09:01:30,2026-04-10,AAA,211.14,100,CC,XL,BUY,31
2026-04-10 09:01:33,2026-04-10,AAA,211.33,88,CC,XL,BUY,32
2026-04-10 09:01:36,2026-04-10,AAA,211.46,83,AI,XC,BUY,33
2026-04-10 09:01:39,2026-04-10,AAA,211.6,78,CC,YU,BUY,34
2026-04-10 09:01:42,2026-04-10,AAA,211.73,62,CC,CC,BUY,35
2026-04-10 09:01:45,2026-04-10,AAA,212.04,108,YU,CC,BUY,36
2026-04-10 09:01:48,2026-04-10,AAA,212.13,50,CC,YU,BUY,37
2026-04-10 09:01:51,2026-04-10,AAA,212.01,85,AI,XC,BUY,38
2026-04-10 09:01:54,2026-04-10,AAA,211.84,110,AI,YU,SELL,39
2026-04-10 09:01:57,2026-04-10,AAA,211.68,48,XC,BK,SELL,40
2026-04-13 09:00:00,2026-04-13,AAA,214.61,2,XC,PD,SELL,1
2026-04-13 09:00:03,2026-04-13,AAA,214.77,86,AI,XL,BUY,2
2026-04-13 09:00:06,2026-04-13,AAA,214.53,40,KK,XL,SELL,3
2026-04-13 09:00:09,2026-04-13,AAA,215.02,71,AI,PD,BUY,4
2026-04-13 09:00:12,2026-04-13,AAA,214.93,4,PD,RX,SELL,5
2026-04-13 09:00:15,2026-04-13,AAA,214.67,18,KK,BK,SELL,6
2026-04-13 09:00:18,2026-04-13,AAA,214.64,109,BK,BK,BUY,7
2026-04-13 09:00:21,2026-04-13,AAA,215.07,93,AI,BK,BUY,8
2026-04-13 09:00:24,2026-04-13,AAA,215.31,58,AI,AI,BUY,9
2026-04-13 09:00:27,2026-04-13,AAA,215.18,39,PD,YU,SELL,10
2026-04-13 09:00:30,2026-04-13,AAA,214.79,27,BK,XL,SELL,11
2026-04-13 09:00:33,2026-04-13,AAA,215.17,66,BK,KK,BUY,12
2026-04-13 09:00:36,2026-04-13,AAA,215.05,28,XC,YP,SELL,13
2026-04-13 09:00:39,2026-04-13,AAA,214.89,65,CC,PD,SELL,14
2026-04-13 09:00:42,2026-04-13,AAA,215.33,67,CC,RX,BUY,15
2026-04-13 09:00:45,2026-04-13,AAA,215.2,59,CC,PD,BUY,16
2026-04-13 09:00:48,2026-04-13,AAA,214.93,37,KK,CC,SELL,17
2026-04-13 09:00:51,2026-04-13,AAA,215.01,108,YU,RX,BUY,18
2026-04-13 09:00:54,2026-04-13,AAA,214.86,55,BK,CC,SELL,19
2026-04-13 09:00:57,2026-04-13,AAA,215.13,95,CC,XL,BUY,20
2026-04-13 09:01:00,2026-04-13,AAA,215.21,75,BK,YU,BUY,21
2026-04-13 09:01:03,2026-04-13,AAA,215.52,85,AI,AI,BUY,22
2026-04-13 09:01:06,2026-04-13,AAA,215.8,78,YU,YU,BUY,23
2026-04-13 09:01:09,2026-04-13,AAA,216.15,99,AI,BK,BUY,24
2026-04-13 09:01:12,2026-04-13,AAA,215.82,82,BK,XC,SELL,25
2026-04-13 09:01:15,2026-04-13,AAA,215.68,107,CC,RX,SELL,26
2026-04-13 09:01:18,2026-04-13,AAA,215.86,53,BK,BK,BUY,27
2026-04-13 09:01:21,2026-04-13,AAA,215.77,51,AI,PD,SELL,28
2026-04-13 09:01:24,2026-04-13,AAA,215.56,42,KK,KK,SELL,29
2026-04-13 09:01:27,2026-04-13,AAA,216.02,74,BK,CC,BUY,30
2026-04-13 09:01:30,2026-04-13,AAA,215.88,104,YU,XL,SELL,31
2026-04-13 09:01:33,2026-04-13,AAA,215.68,25,YP,RX,SELL,32
2026-04-13 09:01:36,2026-04-13,AAA,215.57,75,AI,YU,BUY,33
2026-04-13 09:01:39,2026-04-13,AAA,215.39,21,KK,AI,SELL,34
2026-04-13 09:01:42,2026-04-13,AAA,215.21,88,BK,KK,SELL,35
2026-04-13 09:01:45,2026-04-13,AAA,215.12,79,YU,YP,BUY,36
2026-04-13 09:01:48,2026-04-13,AAA,215.31,83,CC,XL,BUY,37
2026-04-13 09:01:51,2026-04-13,AAA,215.31,1,KK,KK,SELL,38
2026-04-13 09:01:54,2026-04-13,AAA,215.12,94,CC,XL,BUY,39
2026-04-13 09:01:57,2026-04-13,AAA,215.07,89,AI,YP,SELL,40
2026-04-14 09:00:00,2026-04-14,AAA,215.08,55,BK,XL,BUY,1
2026-04-14 09:00:03,2026-04-14,AAA,215.01,37,XL,PD,SELL,2
2026-04-14 09:00:06,2026-04-14,AAA,214.95,81,AI,AI,BUY,3
2026-04-14 09:00:09,2026-04-14,AAA,214.53,37,XL,KK,SELL,4
2026-04-14 09:00:12,2026-04-14,AAA,214.48,32,RX,YU,SELL,5
2026-04-14 09:00:15,2026-04-14,AAA,214.71,111,AI,YU,BUY,6
2026-04-14 09:00:18,2026-04-14,AAA,214.53,21,KK,KK,SELL,7
2026-04-14 09:00:21,2026-04-14,AAA,214.86,95,CC,YP,BUY,8
2026-04-14 09:00:24,2026-04-14,AAA,215.08,90,AI,YU,BUY,9
2026-04-14 09:00:27,2026-04-14,AAA,215.46,67,AI,XC,BUY,10
2026-04-14 09:00:30,2026-04-14,AAA,215.74,67,YU,CC,BUY,11
2026-04-14 09:00:33,2026-04-14,AAA,215.58,74,BK,YU,SELL,12
2026-04-14 09:00:36,2026-04-14,AAA,215.91,89,YU,XC,BUY,13
2026-04-14 09:00:39,2026-04-14,AAA,215.83,89,YU,XL,BUY,14
2026-04-14 09:00:42,2026-04-14,AAA,215.98,83,CC,PD,BUY,15
2026-04-14 09:00:45,2026-04-14,AAA,216.05,86,YU,RX,BUY,16
2026-04-14 09:00:48,2026-04-14,AAA,216.11,6,KK,RX,SELL,17
2026-04-14 09:00:51,2026-04-14,AAA,216.21,78,YU,BK,BUY,18
2026-04-14 09:00:54,2026-04-14,AAA,216.41,28,CC,XC,BUY,19
2026-04-14 09:00:57,2026-04-14,AAA,216.5,93,BK,XC,BUY,20
2026-04-14 09:01:00,2026-04-14,AAA,216.77,91,BK,XL,BUY,21
2026-04-14 09:01:03,2026-04-14,AAA,216.36,83,BK,KK,SELL,22
2026-04-14 09:01:06,2026-04-14,AAA,216.28,102,AI,XL,SELL,23
2026-04-14 09:01:09,2026-04-14,AAA,216.48,92,BK,KK,BUY,24
2026-04-14 09:01:12,2026-04-14,AAA,216.11,30,PD,KK,SELL,25
2026-04-14 09:01:15,2026-04-14,AAA,215.81,15,PD,CC,SELL,26
2026-04-14 09:01:18,2026-04-14,AAA,215.92,37,KK,XC,SELL,27
2026-04-14 09:01:21,2026-04-14,AAA,216.02,106,AI,KK,BUY,28
2026-04-14 09:01:24,2026-04-14,AAA,215.94,52,XC,AI,SELL,29
2026-04-14 09:01:27,2026-04-14,AAA,216.01,89,AI,YP,BUY,30
2026-04-14 09:01:30,2026-04-14,AAA,215.79,33,RX,RX,SELL,31
2026-04-14 09:01:33,2026-04-14,AAA,215.77,103,CC,BK,SELL,32
2026-04-14 09:01:36,2026-04-14,AAA,215.71,28,YP,XC,SELL,33
2026-04-14 09:01:39,2026-04-14,AAA,215.57,88,BK,XC,SELL,34
2026-04-14 09:01:42,2026-04-14,AAA,215.74,90,CC,XL,BUY,35
2026-04-14 09:01:45,2026-04-14,AAA,215.7,105,BK,YU,BUY,36
2026-04-14 09:01:48,2026-04-14,AAA,215.68,66,CC,XL,BUY,37
2026-04-14 09:01:51,2026-04-14,AAA,215.78,70,CC,YU,BUY,38
2026-04-14 09:01:54,2026-04-14,AAA,215.38,70,CC,CC,SELL,39
2026-04-14 09:01:57,2026-04-14,AAA,215.14,91,BK,AI,SELL,40
2026-04-15 09:00:00,2026-04-15,AAA,212.77,71,CC,CC,BUY,1
2026-04-15 09:00:03,2026-04-15,AAA,212.34,35,XC,XC,SELL,2
2026-04-15 09:00:06,2026-04-15,AAA,212.19,17,XL,YU,SELL,3
2026-04-15 09:00:09,2026-04-15,AAA,212.23,83,BK,YU,SELL,4
2026-04-15 09:00:12,2026-04-15,AAA,211.85,46,PD,CC,SELL,5
2026-04-15 09:00:15,2026-04-15,AAA,211.93,85,AI,XL,BUY,6
2026-04-15 09:00:18,2026-04-15,AAA,211.93,72,CC,RX,SELL,7
2026-04-15 09:00:21,2026-04-15,AAA,212.24,93,AI,RX,BUY,8
2026-04-15 09:00:24,2026-04-15,AAA,212.45,79,CC,RX,BUY,9
2026-04-15 09:00:27,2026-04-15,AAA,212.84,77,BK,BK,BUY,10
2026-04-15 09:00:30,2026-04-15,AAA,212.52,26,XL,YU,SELL,11
2026-04-15 09:00:33,2026-04-15,AAA,212.83,101,BK,KK,BUY,12
2026-04-15 09:00:36,2026-04-15,AAA,213.06,62,CC,KK,BUY,13
2026-04-15 09:00:39,2026-04-15,AAA,212.95,39,YP,XC,SELL,14
2026-04-15 09:00:42,2026-04-15,AAA,213.19,89,YU,YP,BUY,15
2026-04-15 09:00:45,2026-04-15,AAA,213.2,73,CC,RX,BUY,16
2026-04-15 09:00:48,2026-04-15,AAA,213.05,97,YU,YU,SELL,17
2026-04-15 09:00:51,2026-04-15,AAA,213.61,64,YU,XL,BUY,18
2026-04-15 09:00:54,2026-04-15,AAA,213.28,127,CC,YP,SELL,19
2026-04-15 09:00:57,2026-04-15,AAA,213.18,89,BK,CC,SELL,20
2026-04-15 09:01:00,2026-04-15,AAA,213.54,97,CC,AI,BUY,21
2026-04-15 09:01:03,2026-04-15,AAA,213.71,87,YU,YU,BUY,22
2026-04-15 09:01:06,2026-04-15,AAA,213.58,73,AI,YU,SELL,23
2026-04-15 09:01:09,2026-04-15,AAA,213.65,63,YU,CC,BUY,24
2026-04-15 09:01:12,2026-04-15,AAA,213.52,31,PD,RX,SELL,25
2026-04-15 09:01:15,2026-04-15,AAA,213.26,32,XC,XC,SELL,26
2026-04-15 09:01:18,2026-04-15,AAA,213.12,70,BK,PD,BUY,27
2026-04-15 09:01:21,2026-04-15,AAA,213.1,100,CC,RX,BUY,28
2026-04-15 09:01:24,2026-04-15,AAA,213.22,77,YU,PD,BUY,29
2026-04-15 09:01:27,2026-04-15,AAA,213.28,88,BK,YU,BUY,30
2026-04-15 09:01:30,2026-04-15,AAA,213.31,65,BK,AI,BUY,31
2026-04-15 09:01:33,2026-04-15,AAA,213.12,85,CC,XL,SELL,32
2026-04-15 09:01:36,2026-04-15,AAA,213.35,95,BK,RX,BUY,33
2026-04-15 09:01:39,2026-04-15,AAA,213.31,86,AI,PD,SELL,34
2026-04-15 09:01:42,2026-04-15,AAA,213.52,83,YU,KK,BUY,35
2026-04-15 09:01:45,2026-04-15,AAA,213.14,29,YP,YU,SELL,36
2026-04-15 09:01:48,2026-04-15,AAA,212.72,110,CC,RX,SELL,37
2026-04-15 09:01:51,2026-04-15,AAA,212.69,76,AI,XC,BUY,38
2026-04-15 09:01:54,2026-04-15,AAA,212.57,43,YP,KK,SELL,39
2026-04-15 09:01:57,2026-04-15,AAA,212.55,95,YU,YP,SELL,40
2026-04-09 09:00:00,2026-04-09,BBB,124.9,86,YU,CC,BUY,1
2026-04-09 09:00:03,2026-04-09,BBB,125.01,44,YU,YU,BUY,2
2026-04-09 09:00:06,2026-04-09,BBB,125.1,75,BK,KK,BUY,3
2026-04-09 09:00:09,2026-04-09,BBB,124.98,1,PD,BK,SELL,4
2026-04-09 09:00:12,2026-04-09,BBB,125.02,56,KK,YP,SELL,5
2026-04-09 09:00:15,2026-04-09,BBB,125.33,87,AI,KK,BUY,6
2026-04-09 09:00:18,2026-04-09,BBB,125.49,68,CC,RX,BUY,7
2026-04-09 09:00:21,2026-04-09,BBB,125.44,1,KK,CC,SELL,8
2026-04-09 09:00:24,2026-04-09,BBB,125.5,59,BK,YU,BUY,9
2026-04-09 09:00:27,2026-04-09,BBB,125.75,77,BK,XL,BUY,10
2026-04-09 09:00:30,2026-04-09,BBB,125.72,102,CC,YP,SELL,11
2026-04-09 09:00:33,2026-04-09,BBB,125.58,5,YP,KK,SELL,12
2026-04-09 09:00:36,2026-04-09,BBB,125.68,67,BK,AI,BUY,13
2026-04-09 09:00:39,2026-04-09,BBB,125.9,90,BK,PD,BUY,14
2026-04-09 09:00:42,2026-04-09,BBB,125.78,23,RX,PD,SELL,15
2026-04-09 09:00:45,2026-04-09,BBB,125.88,75,AI,XL,BUY,16
2026-04-09 09:00:48,2026-04-09,BBB,126.1,58,YU,YP,BUY,17
2026-04-09 09:00:51,2026-04-09,BBB,126.03,60,CC,PD,BUY,18
2026-04-09 09:00:54,2026-04-09,BBB,125.89,72,CC,KK,SELL,19
2026-04-09 09:00:57,2026-04-09,BBB,125.99,44,CC,BK,BUY,20
2026-04-09 09:01:00,2026-04-09,BBB,126.03,76,AI,XL,BUY,21
2026-04-09 09:01:03,2026-04-09,BBB,126.07,82,YU,YU,BUY,22
2026-04-09 09:01:06,2026-04-09,BBB,126.04,66,CC,PD,SELL,23
2026-04-09 09:01:09,2026-04-09,BBB,125.99,77,CC,AI,BUY,24
2026-04-09 09:01:12,2026-04-09,BBB,126.08,87,BK,YU,BUY,25
2026-04-09 09:01:15,2026-04-09,BBB,125.71,29,XL,XC,SELL,26
2026-04-09 09:01:18,2026-04-09,BBB,125.88,51,CC,AI,BUY,27
2026-04-09 09:01:21,2026-04-09,BBB,126.07,97,AI,BK,BUY,28
2026-04-09 09:01:24,2026-04-09,BBB,126.04,46,AI,XC,BUY,29
2026-04-09 09:01:27,2026-04-09,BBB,126.12,56,CC,PD,BUY,30
2026-04-09 09:01:30,2026-04-09,BBB,125.93,42,RX,XC,SELL,31
2026-04-09 09:01:33,2026-04-09,BBB,125.93,38,PD,KK,SELL,32
2026-04-09 09:01:36,2026-04-09,BBB,125.94,15,YP,YU,SELL,33
2026-04-09 09:01:39,2026-04-09,BBB,125.89,12,PD,YP,SELL,34
2026-04-09 09:01:42,2026-04-09,BBB,125.78,75,CC,KK,SELL,35
2026-04-09 09:01:45,2026-04-09,BBB,125.89,73,AI,PD,BUY,36
2026-04-09 09:01:48,2026-04-09,BBB,125.78,56,KK,XL,SELL,37
2026-04-09 09:01:51,2026-04-09,BBB,125.83,96,AI,KK,BUY,38
2026-04-09 09:01:54,2026-04-09,BBB,126.02,81,AI,XC,BUY,39
2026-04-09 09:01:57,2026-04-09,BBB,126.2,75,YU,RX,BUY,40
2026-04-10 09:00:00,2026-04-10,BBB,126.88,86,CC,BK,BUY,1
2026-04-10 09:00:03,2026-04-10,BBB,126.96,38,CC,XL,BUY,2
2026-04-10 09:00:06,2026-04-10,BBB,126.88,84,YU,XL,SELL,3
2026-04-10 09:00:09,2026-04-10,BBB,126.92,25,KK,RX,SELL,4
2026-04-10 09:00:12,2026-04-10,BBB,127.03,75,AI,XL,BUY,5
2026-04-10 09:00:15,2026-04-10,BBB,127.03,85,BK,KK,BUY,6
2026-04-10 09:00:18,2026-04-10,BBB,126.84,16,XL,YU,SELL,7
2026-04-10 09:00:21,2026-04-10,BBB,126.82,86,AI,BK,BUY,8
2026-04-10 09:00:24,2026-04-10,BBB,126.41,17,RX,RX,SELL,9
2026-04-10 09:00:27,2026-04-10,BBB,126.3,42,YP,KK,SELL,10
2026-04-10 09:00:30,2026-04-10,BBB,126.51,96,CC,YP,BUY,11
2026-04-10 09:00:33,2026-04-10,BBB,126.67,78,CC,XC,BUY,12
2026-04-10 09:00:36,2026-04-10,BBB,126.81,66,BK,AI,BUY,13
2026-04-10 09:00:39,2026-04-10,BBB,126.94,90,BK,YU,BUY,14
2026-04-10 09:00:42,2026-04-10,BBB,126.93,9,KK,XL,SELL,15
2026-04-10 09:00:45,2026-04-10,BBB,126.79,44,RX,KK,SELL,16
2026-04-10 09:00:48,2026-04-10,BBB,126.88,77,BK,XL,BUY,17
2026-04-10 09:00:51,2026-04-10,BBB,127.01,85,YU,XL,BUY,18
2026-04-10 09:00:54,2026-04-10,BBB,126.88,105,BK,KK,BUY,19
2026-04-10 09:00:57,2026-04-10,BBB,126.63,1,YP,YP,SELL,20
2026-04-10 09:01:00,2026-04-10,BBB,126.76,66,YU,RX,BUY,21
2026-04-10 09:01:03,2026-04-10,BBB,126.99,41,CC,CC,BUY,22
2026-04-10 09:01:06,2026-04-10,BBB,126.97,8,XL,YU,SELL,23
2026-04-10 09:01:09,2026-04-10,BBB,126.98,1,XL,YP,SELL,24
2026-04-10 09:01:12,2026-04-10,BBB,127.13,87,CC,YU,BUY,25
2026-04-10 09:01:15,2026-04-10,BBB,126.99,55,BK,XC,SELL,26
2026-04-10 09:01:18,2026-04-10,BBB,127.31,72,AI,BK,BUY,27
2026-04-10 09:01:21,2026-04-10,BBB,127.17,118,CC,RX,SELL,28
2026-04-10 09:01:24,2026-04-10,BBB,127.33,108,BK,XC,BUY,29
2026-04-10 09:01:27,2026-04-10,BBB,127.46,106,YU,PD,BUY,30
2026-04-10 09:01:30,2026-04-10,BBB,127.51,78,AI,YP,BUY,31
2026-04-10 09:01:33,2026-04-10,BBB,127.47,2,XC,YP,SELL,32
2026-04-10 09:01:36,2026-04-10,BBB,127.41,1,PD,KK,SELL,33
2026-04-10 09:01:39,2026-04-10,BBB,127.53,43,BK,PD,BUY,34
2026-04-10 09:01:42,2026-04-10,BBB,127.65,87,BK,KK,BUY,35
2026-04-10 09:01:45,2026-04-10,BBB,127.75,75,AI,PD,BUY,36
2026-04-10 09:01:48,2026-04-10,BBB,127.84,91,AI,KK,BUY,37
2026-04-10 09:01:51,2026-04-10,BBB,127.94,74,YU,RX,BUY,38
2026-04-10 09:01:54,2026-04-10,BBB,127.75,87,YU,AI,SELL,39
2026-04-10 09:01:57,2026-04-10,BBB,127.97,82,AI,XC,BUY,40
2026-04-13 09:00:00,2026-04-13,BBB,125.7,83,YU,BK,BUY,1
2026-04-13 09:00:03,2026-04-13,BBB,125.8,72,CC,AI,BUY,2
2026-04-13 09:00:06,2026-04-13,BBB,125.7,18,XL,KK,SELL,3
2026-04-13 09:00:09,2026-04-13,BBB,125.77,38,YU,PD,BUY,4
2026-04-13 09:00:12,2026-04-13,BBB,125.85,70,BK,RX,SELL,5
2026-04-13 09:00:15,2026-04-13,BBB,125.51,44,XL,RX,SELL,6
2026-04-13 09:00:18,2026-04-13,BBB,125.37,21,KK,YU,SELL,7
2026-04-13 09:00:21,2026-04-13,BBB,125.5,78,YU,XC,BUY,8
2026-04-13 09:00:24,2026-04-13,BBB,125.49,1,PD,KK,SELL,9
2026-04-13 09:00:27,2026-04-13,BBB,125.66,98,BK,XC,BUY,10
2026-04-13 09:00:30,2026-04-13,BBB,125.57,46,PD,RX,SELL,11
2026-04-13 09:00:33,2026-04-13,BBB,125.59,79,BK,XC,BUY,12
2026-04-13 09:00:36,2026-04-13,BBB,125.52,56,RX,PD,SELL,13
2026-04-13 09:00:39,2026-04-13,BBB,125.41,53,BK,CC,SELL,14
2026-04-13 09:00:42,2026-04-13,BBB,125.54,41,CC,YU,BUY,15
2026-04-13 09:00:45,2026-04-13,BBB,125.72,95,YU,XL,BUY,16
2026-04-13 09:00:48,2026-04-13,BBB,125.89,88,CC,CC,BUY,17
2026-04-13 09:00:51,2026-04-13,BBB,125.99,102,CC,BK,BUY,18
2026-04-13 09:00:54,2026-04-13,BBB,126.0,58,CC,CC,BUY,19
2026-04-13 09:00:57,2026-04-13,BBB,126.07,85,AI,CC,BUY,20
2026-04-13 09:01:00,2026-04-13,BBB,125.95,63,PD,AI,SELL,21
2026-04-13 09:01:03,2026-04-13,BBB,125.96,104,BK,BK,BUY,22
2026-04-13 09:01:06,2026-04-13,BBB,126.03,67,BK,AI,BUY,23
2026-04-13 09:01:09,2026-04-13,BBB,126.06,84,AI,XC,BUY,24
2026-04-13 09:01:12,2026-04-13,BBB,126.15,100,BK,PD,BUY,25
2026-04-13 09:01:15,2026-04-13,BBB,126.14,90,YU,RX,BUY,26
2026-04-13 09:01:18,2026-04-13,BBB,126.35,103,YU,YU,BUY,27
2026-04-13 09:01:21,2026-04-13,BBB,126.45,45,AI,CC,BUY,28
2026-04-13 09:01:24,2026-04-13,BBB,126.5,66,BK,YP,BUY,29
2026-04-13 09:01:27,2026-04-13,BBB,126.6,78,YU,PD,BUY,30
2026-04-13 09:01:30,2026-04-13,BBB,126.64,72,BK,CC,BUY,31
2026-04-13 09:01:33,2026-04-13,BBB,126.62,65,RX,XC,SELL,32
2026-04-13 09:01:36,2026-04-13,BBB,126.6,85,AI,YP,BUY,33
2026-04-13 09:01:39,2026-04-13,BBB,126.65,75,YU,YP,BUY,34
2026-04-13 09:01:42,2026-04-13,BBB,126.38,40,PD,XL,SELL,35
2026-04-13 09:01:45,2026-04-13,BBB,126.46,79,AI,YP,BUY,36
2026-04-13 09:01:48,2026-04-13,BBB,126.55,70,YU,XL,BUY,37
2026-04-13 09:01:51,2026-04-13,BBB,126.55,63,YU,XL,BUY,38
2026-04-13 09:01:54,2026-04-13,BBB,126.62,59,CC,CC,BUY,39
2026-04-13 09:01:57,2026-04-13,BBB,126.62,77,AI,YU,BUY,40
2026-04-14 09:00:00,2026-04-14,BBB,125.72,96,AI,AI,BUY,1
2026-04-14 09:00:03,2026-04-14,BBB,125.79,32,CC,AI,BUY,2
2026-04-14 09:00:06,2026-04-14,BBB,125.71,44,KK,BK,SELL,3
2026-04-14 09:00:09,2026-04-14,BBB,125.47,16,YP,YP,SELL,4
2026-04-14 09:00:12,2026-04-14,BBB,125.32,10,XC,RX,SELL,5
2026-04-14 09:00:15,2026-04-14,BBB,125.28,30,KK,YP,SELL,6
2026-04-14 09:00:18,2026-04-14,BBB,125.48,80,YU,AI,BUY,7
2026-04-14 09:00:21,2026-04-14,BBB,125.47,11,XC,YU,SELL,8
2026-04-14 09:00:24,2026-04-14,BBB,125.44,88,CC,RX,SELL,9
2026-04-14 09:00:27,2026-04-14,BBB,125.29,24,RX,XC,SELL,10
2026-04-14 09:00:30,2026-04-14,BBB,125.35,89,BK,BK,BUY,11
2026-04-14 09:00:33,2026-04-14,BBB,125.28,54,YU,YU,BUY,12
2026-04-14 09:00:36,2026-04-14,BBB,125.24,22,RX,KK,SELL,13
2026-04-14 09:00:39,2026-04-14,BBB,125.28,93,YU,RX,BUY,14
2026-04-14 09:00:42,2026-04-14,BBB,125.31,53,AI,XC,BUY,15
2026-04-14 09:00:45,2026-04-14,BBB,125.16,74,YU,PD,SELL,16
2026-04-14 09:00:48,2026-04-14,BBB,125.26,126,BK,PD,BUY,17
2026-04-14 09:00:51,2026-04-14,BBB,125.05,88,BK,XL,SELL,18
2026-04-14 09:00:54,2026-04-14,BBB,125.22,68,CC,AI,BUY,19
2026-04-14 09:00:57,2026-04-14,BBB,125.31,51,YU,CC,BUY,20
2026-04-14 09:01:00,2026-04-14,BBB,125.22,36,RX,XL,SELL,21
2026-04-14 09:01:03,2026-04-14,BBB,125.09,13,XC,AI,SELL,22
2026-04-14 09:01:06,2026-04-14,BBB,125.04,50,RX,RX,SELL,23
2026-04-14 09:01:09,2026-04-14,BBB,125.15,123,YU,AI,BUY,24
2026-04-14 09:01:12,2026-04-14,BBB,125.15,72,CC,KK,BUY,25
2026-04-14 09:01:15,2026-04-14,BBB,125.29,67,YU,YU,BUY,26
2026-04-14 09:01:18,2026-04-14,BBB,125.28,68,YU,XL,BUY,27
2026-04-14 09:01:21,2026-04-14,BBB,125.21,1,RX,YU,SELL,28
2026-04-14 09:01:24,2026-04-14,BBB,125.18,20,PD,XL,SELL,29
2026-04-14 09:01:27,2026-04-14,BBB,125.11,19,KK,XL,SELL,30
2026-04-14 09:01:30,2026-04-14,BBB,125.3,92,BK,RX,BUY,31
2026-04-14 09:01:33,2026-04-14,BBB,125.16,76,YU,KK,SELL,32
2026-04-14 09:01:36,2026-04-14,BBB,125.11,88,CC,XC,SELL,33
2026-04-14 09:01:39,2026-04-14,BBB,124.98,1,RX,XL,SELL,34
2026-04-14 09:01:42,2026-04-14,BBB,125.07,112,BK,BK,BUY,35
2026-04-14 09:01:45,2026-04-14,BBB,125.11,98,BK,BK,SELL,36
2026-04-14 09:01:48,2026-04-14,BBB,124.94,50,PD,KK,SELL,37
2026-04-14 09:01:51,2026-04-14,BBB,124.72,41,PD,CC,SELL,38
2026-04-14 09:01:54,2026-04-14,BBB,124.71,96,YU,XC,BUY,39
2026-04-14 09:01:57,2026-04-14,BBB,124.52,26,YP,RX,SELL,40
2026-04-15 09:00:00,2026-04-15,BBB,125.34,65,BK,RX,SELL,1
2026-04-15 09:00:03,2026-04-15,BBB,125.37,61,BK,PD,BUY,2
2026-04-15 09:00:06,2026-04-15,BBB,125.33,87,AI,CC,BUY,3
2026-04-15 09:00:09,2026-04-15,BBB,125.19,15,XL,AI,SELL,4
2026-04-15 09:00:12,2026-04-15,BBB,125.06,116,AI,XL,SELL,5
2026-04-15 09:00:15,2026-04-15,BBB,125.23,74,BK,KK,BUY,6
2026-04-15 09:00:18,2026-04-15,BBB,125.3,107,CC,CC,BUY,7
2026-04-15 09:00:21,2026-04-15,BBB,125.17,1,XL,AI,SELL,8
2026-04-15 09:00:24,2026-04-15,BBB,125.24,104,CC,YU,BUY,9
2026-04-15 09:00:27,2026-04-15,BBB,125.34,98,CC,PD,BUY,10
2026-04-15 09:00:30,2026-04-15,BBB,125.49,76,BK,AI,BUY,11
2026-04-15 09:00:33,2026-04-15,BBB,125.41,1,YP,CC,SELL,12
2026-04-15 09:00:36,2026-04-15,BBB,125.67,70,BK,CC,BUY,13
2026-04-15 09:00:39,2026-04-15,BBB,125.69,72,YU,XC,BUY,14
2026-04-15 09:00:42,2026-04-15,BBB,125.66,86,AI,KK,BUY,15
2026-04-15 09:00:45,2026-04-15,BBB,125.7,4,PD,PD,SELL,16
2026-04-15 09:00:48,2026-04-15,BBB,125.77,71,AI,BK,BUY,17
2026-04-15 09:00:51,2026-04-15,BBB,125.9,110,BK,KK,BUY,18
2026-04-15 09:00:54,2026-04-15,BBB,126.12,45,YU,RX,BUY,19
2026-04-15 09:00:57,2026-04-15,BBB,126.13,84,CC,XL,BUY,20
2026-04-15 09:01:00,2026-04-15,BBB,126.18,94,CC,PD,BUY,21
2026-04-15 09:01:03,2026-04-15,BBB,126.41,121,BK,KK,BUY,22
2026-04-15 09:01:06,2026-04-15,BBB,126.42,93,YU,YP,SELL,23
2026-04-15 09:01:09,2026-04-15,BBB,126.51,130,BK,AI,BUY,24
2026-04-15 09:01:12,2026-04-15,BBB,126.47,24,XC,YP,SELL,25
2026-04-15 09:01:15,2026-04-15,BBB,126.51,100,CC,CC,SELL,26
2026-04-15 09:01:18,2026-04-15,BBB,126.53,95,CC,AI,BUY,27
2026-04-15 09:01:21,2026-04-15,BBB,126.71,100,AI,KK,BUY,28
2026-04-15 09:01:24,2026-04-15,BBB,126.57,6,YP,YU,SELL,29
2026-04-15 09:01:27,2026-04-15,BBB,126.64,103,YU,RX,BUY,30
2026-04-15 09:01:30,2026-04-15,BBB,126.5,1,PD,RX,SELL,31
2026-04-15 09:01:33,2026-04-15,BBB,126.56,84,BK,XL,BUY,32
2026-04-15 09:01:36,2026-04-15,BBB,126.55,91,YU,AI,SELL,33
2026-04-15 09:01:39,2026-04-15,BBB,126.4,6,XC,XC,SELL,34
2026-04-15 09:01:42,2026-04-15,BBB,126.42,43,KK,XC,SELL,35
2026-04-15 09:01:45,2026-04-15,BBB,126.4,116,CC,AI,BUY,36
2026-04-15 09:01:48,2026-04-15,BBB,126.25,50,RX,KK,SELL,37
2026-04-15 09:01:51,2026-04-15,BBB,126.25,77,CC,RX,SELL,38
2026-04-15 09:01:54,2026-04-15,BBB,126.2,123,CC,YU,SELL,39
2026-04-15 09:01:57,2026-04-15,BBB,126.3,77,CC,XL,BUY,40
2026-04-09 09:00:00,2026-04-09,CCC,100.39,17,PD,XL,SELL,1
2026-04-09 09:00:03,2026-04-09,CCC,100.33,81,AI,PD,SELL,2
2026-04-09 09:00:06,2026-04-09,CCC,100.22,23,XC,PD,SELL,3
2026-04-09 09:00:09,2026-04-09,CCC,100.19,62,RX,XC,SELL,4
2026-04-09 09:00:12,2026-04-09,CCC,100.28,49,PD,KK,BUY,5
2026-04-09 09:00:15,2026-04-09,CCC,100.36,17,PD,XC,BUY,6
2026-04-09 09:00:18,2026-04-09,CCC,100.14,1,XL,AI,SELL,7
2026-04-09 09:00:21,2026-04-09,CCC,100.18,23,YP,PD,SELL,8
2026-04-09 09:00:24,2026-04-09,CCC,100.09,65,CC,RX,SELL,9
2026-04-09 09:00:27,2026-04-09,CCC,100.05,3,YP,YU,SELL,10
2026-04-09 09:00:30,2026-04-09,CCC,100.09,15,XC,PD,BUY,11
2026-04-09 09:00:33,2026-04-09,CCC,100.01,67,BK,PD,SELL,12
2026-04-09 09:00:36,2026-04-09,CCC,100.1,79,CC,PD,BUY,13
2026-04-09 09:00:39,2026-04-09,CCC,100.18,28,YP,XL,BUY,14
2026-04-09 09:00:42,2026-04-09,CCC,100.11,114,YU,PD,SELL,15
2026-04-09 09:00:45,2026-04-09,CCC,100.05,39,PD,PD,SELL,16
2026-04-09 09:00:48,2026-04-09,CCC,100.16,92,AI,BK,BUY,17
2026-04-09 09:00:51,2026-04-09,CCC,100.16,1,XL,KK,SELL,18
2026-04-09 09:00:54,2026-04-09,CCC,100.23,20,PD,PD,BUY,19
2026-04-09 09:00:57,2026-04-09,CCC,100.05,20,XC,YU,SELL,20
2026-04-09 09:01:00,2026-04-09,CCC,100.07,78,AI,CC,BUY,21
2026-04-09 09:01:03,2026-04-09,CCC,100.07,113,YU,RX,SELL,22
2026-04-09 09:01:06,2026-04-09,CCC,100.07,67,YU,AI,SELL,23
2026-04-09 09:01:09,2026-04-09,CCC,100.11,18,XL,XL,BUY,24
2026-04-09 09:01:12,2026-04-09,CCC,99.98,1,KK,XL,SELL,25
2026-04-09 09:01:15,2026-04-09,CCC,100.04,57,YU,PD,BUY,26
2026-04-09 09:01:18,2026-04-09,CCC,99.93,32,PD,BK,SELL,27
2026-04-09 09:01:21,2026-04-09,CCC,100.0,25,KK,RX,BUY,28
2026-04-09 09:01:24,2026-04-09,CCC,99.88,8,KK,KK,SELL,29
2026-04-09 09:01:27,2026-04-09,CCC,99.78,96,AI,KK,SELL,30
2026-04-09 09:01:30,2026-04-09,CCC,99.77,18,XC,BK,SELL,31
2026-04-09 09:01:33,2026-04-09,CCC,99.81,91,BK,BK,BUY,32
2026-04-09 09:01:36,2026-04-09,CCC,99.79,1,PD,RX,SELL,33
2026-04-09 09:01:39,2026-04-09,CCC,99.82,120,CC,YP,BUY,34
2026-04-09 09:01:42,2026-04-09,CCC,99.88,93,AI,RX,BUY,35
2026-04-09 09:01:45,2026-04-09,CCC,99.86,59,YP,AI,BUY,36
2026-04-09 09:01:48,2026-04-09,CCC,99.83,91,YU,CC,SELL,37
2026-04-09 09:01:51,2026-04-09,CCC,99.78,126,AI,RX,SELL,38
2026-04-09 09:01:54,2026-04-09,CCC,99.9,62,KK,XL,BUY,39
2026-04-09 09:01:57,2026-04-09,CCC,100.12,22,PD,BK,BUY,40
2026-04-10 09:00:00,2026-04-10,CCC,99.9,52,XL,PD,SELL,1
2026-04-10 09:00:03,2026-04-10,CCC,99.83,94,AI,YU,SELL,2
2026-04-10 09:00:06,2026-04-10,CCC,99.96,36,YU,XL,BUY,3
2026-04-10 09:00:09,2026-04-10,CCC,99.98,1,KK,PD,SELL,4
2026-04-10 09:00:12,2026-04-10,CCC,99.91,1,RX,KK,SELL,5
2026-04-10 09:00:15,2026-04-10,CCC,99.66,31,KK,PD,SELL,6
2026-04-10 09:00:18,2026-04-10,CCC,99.64,47,XC,XL,SELL,7
2026-04-10 09:00:21,2026-04-10,CCC,99.58,43,RX,XC,SELL,8
2026-04-10 09:00:24,2026-04-10,CCC,99.64,58,YU,KK,BUY,9
2026-04-10 09:00:27,2026-04-10,CCC,99.68,68,CC,BK,BUY,10
2026-04-10 09:00:30,2026-04-10,CCC,99.57,87,AI,RX,SELL,11
2026-04-10 09:00:33,2026-04-10,CCC,99.67,138,BK,CC,BUY,12
2026-04-10 09:00:36,2026-04-10,CCC,99.65,31,PD,BK,SELL,13
2026-04-10 09:00:39,2026-04-10,CCC,99.86,66,AI,YP,BUY,14
2026-04-10 09:00:42,2026-04-10,CCC,99.87,93,CC,XL,SELL,15
2026-04-10 09:00:45,2026-04-10,CCC,100.01,88,CC,BK,BUY,16
2026-04-10 09:00:48,2026-04-10,CCC,99.83,56,YU,CC,SELL,17
2026-04-10 09:00:51,2026-04-10,CCC,99.76,1,XL,AI,SELL,18
2026-04-10 09:00:54,2026-04-10,CCC,99.71,1,KK,CC,SELL,19
2026-04-10 09:00:57,2026-04-10,CCC,99.69,68,BK,AI,SELL,20
2026-04-10 09:01:00,2026-04-10,CCC,99.68,14,YP,XL,BUY,21
2026-04-10 09:01:03,2026-04-10,CCC,99.74,41,PD,BK,BUY,22
2026-04-10 09:01:06,2026-04-10,CCC,99.82,68,CC,RX,SELL,23
2026-04-10 09:01:09,2026-04-10,CCC,99.92,59,PD,RX,BUY,24
2026-04-10 09:01:12,2026-04-10,CCC,99.76,89,AI,BK,SELL,25
2026-04-10 09:01:15,2026-04-10,CCC,99.75,24,KK,XL,SELL,26
2026-04-10 09:01:18,2026-04-10,CCC,99.75,105,BK,XC,SELL,27
2026-04-10 09:01:21,2026-04-10,CCC,99.6,12,PD,XL,SELL,28
2026-04-10 09:01:24,2026-04-10,CCC,99.63,46,YU,AI,SELL,29
2026-04-10 09:01:27,2026-04-10,CCC,99.58,71,YU,XC,SELL,30
2026-04-10 09:01:30,2026-04-10,CCC,99.54,100,BK,XC,SELL,31
2026-04-10 09:01:33,2026-04-10,CCC,99.38,102,CC,BK,SELL,32
2026-04-10 09:01:36,2026-04-10,CCC,99.33,5,PD,PD,SELL,33
2026-04-10 09:01:39,2026-04-10,CCC,99.31,24,RX,PD,BUY,34
2026-04-10 09:01:42,2026-04-10,CCC,99.24,52,KK,PD,SELL,35
2026-04-10 09:01:45,2026-04-10,CCC,99.3,26,XC,RX,BUY,36
2026-04-10 09:01:48,2026-04-10,CCC,99.16,105,YU,BK,SELL,37
2026-04-10 09:01:51,2026-04-10,CCC,99.26,77,CC,YU,BUY,38
2026-04-10 09:01:54,2026-04-10,CCC,99.09,14,KK,XC,SELL,39
2026-04-10 09:01:57,2026-04-10,CCC,99.28,23,PD,RX,BUY,40
2026-04-13 09:00:00,2026-04-13,CCC,101.0,26,KK,AI,SELL,1
2026-04-13 09:00:03,2026-04-13,CCC,100.89,58,YU,BK,SELL,2
2026-04-13 09:00:06,2026-04-13,CCC,100.76,32,XC,XL,SELL,3
2026-04-13 09:00:09,2026-04-13,CCC,100.75,122,AI,RX,SELL,4
2026-04-13 09:00:12,2026-04-13,CCC,100.69,103,CC,YP,SELL,5
2026-04-13 09:00:15,2026-04-13,CCC,100.64,71,YP,RX,SELL,6
2026-04-13 09:00:18,2026-04-13,CCC,100.47,107,YU,PD,SELL,7
2026-04-13 09:00:21,2026-04-13,CCC,100.58,99,BK,XL,BUY,8
2026-04-13 09:00:24,2026-04-13,CCC,100.52,96,YU,AI,SELL,9
2026-04-13 09:00:27,2026-04-13,CCC,100.3,122,BK,PD,SELL,10
2026-04-13 09:00:30,2026-04-13,CCC,100.17,9,KK,YP,SELL,11
2026-04-13 09:00:33,2026-04-13,CCC,100.05,47,YP,BK,SELL,12
2026-04-13 09:00:36,2026-04-13,CCC,99.93,1,RX,PD,SELL,13
2026-04-13 09:00:39,2026-04-13,CCC,99.87,90,AI,KK,SELL,14
2026-04-13 09:00:42,2026-04-13,CCC,99.96,37,XC,XC,BUY,15
2026-04-13 09:00:45,2026-04-13,CCC,100.02,25,PD,XC,BUY,16
2026-04-13 09:00:48,2026-04-13,CCC,100.02,1,RX,XL,SELL,17
2026-04-13 09:00:51,2026-04-13,CCC,99.82,5,PD,XC,SELL,18
2026-04-13 09:00:54,2026-04-13,CCC,99.68,6,XC,YP,SELL,19
2026-04-13 09:00:57,2026-04-13,CCC,99.79,74,YU,AI,BUY,20
2026-04-13 09:01:00,2026-04-13,CCC,99.94,56,PD,YP,BUY,21
2026-04-13 09:01:03,2026-04-13,CCC,100.05,104,BK,BK,BUY,22
2026-04-13 09:01:06,2026-04-13,CCC,100.16,6,XC,KK,BUY,23
2026-04-13 09:01:09,2026-04-13,CCC,100.16,20,XL,XL,BUY,24
2026-04-13 09:01:12,2026-04-13,CCC,100.17,1,YP,YP,BUY,25
2026-04-13 09:01:15,2026-04-13,CCC,100.04,33,YP,RX,SELL,26
2026-04-13 09:01:18,2026-04-13,CCC,100.03,55,XC,YU,SELL,27
2026-04-13 09:01:21,2026-04-13,CCC,100.03,62,CC,RX,BUY,28
2026-04-13 09:01:24,2026-04-13,CCC,100.2,77,CC,PD,BUY,29
2026-04-13 09:01:27,2026-04-13,CCC,100.22,67,CC,CC,SELL,30
2026-04-13 09:01:30,2026-04-13,CCC,100.08,81,CC,YP,SELL,31
2026-04-13 09:01:33,2026-04-13,CCC,99.93,138,BK,KK,SELL,32
2026-04-13 09:01:36,2026-04-13,CCC,100.05,98,AI,PD,BUY,33
2026-04-13 09:01:39,2026-04-13,CCC,99.95,28,YP,AI,SELL,34
2026-04-13 09:01:42,2026-04-13,CCC,99.94,33,XC,AI,SELL,35
2026-04-13 09:01:45,2026-04-13,CCC,99.82,18,RX,RX,SELL,36
2026-04-13 09:01:48,2026-04-13,CCC,99.88,60,YP,BK,BUY,37
2026-04-13 09:01:51,2026-04-13,CCC,99.96,1,KK,XC,BUY,38
2026-04-13 09:01:54,2026-04-13,CCC,100.05,6,YP,PD,BUY,39
2026-04-13 09:01:57,2026-04-13,CCC,100.12,18,YP,YP,BUY,40
2026-04-14 09:00:00,2026-04-14,CCC,100.7,25,PD,KK,BUY,1
2026-04-14 09:00:03,2026-04-14,CCC,100.54,89,CC,RX,SELL,2
2026-04-14 09:00:06,2026-04-14,CCC,100.47,36,XL,KK,SELL,3
2026-04-14 09:00:09,2026-04-14,CCC,100.59,58,BK,KK,BUY,4
2026-04-14 09:00:12,2026-04-14,CCC,100.46,65,BK,RX,SELL,5
2026-04-14 09:00:15,2026-04-14,CCC,100.58,28,XC,XC,BUY,6
2026-04-14 09:00:18,2026-04-14,CCC,100.69,57,PD,XL,BUY,7
2026-04-14 09:00:21,2026-04-14,CCC,100.66,16,XC,KK,SELL,8
2026-04-14 09:00:24,2026-04-14,CCC,100.65,38,XL,YP,SELL,9
2026-04-14 09:00:27,2026-04-14,CCC,100.72,74,BK,KK,BUY,10
2026-04-14 09:00:30,2026-04-14,CCC,100.71,101,BK,KK,SELL,11
2026-04-14 09:00:33,2026-04-14,CCC,100.95,41,XL,CC,BUY,12
2026-04-14 09:00:36,2026-04-14,CCC,100.86,12,KK,BK,SELL,13
2026-04-14 09:00:39,2026-04-14,CCC,100.71,66,CC,RX,SELL,14
2026-04-14 09:00:42,2026-04-14,CCC,100.68,86,YU,XC,SELL,15
2026-04-14 09:00:45,2026-04-14,CCC,100.69,13,YP,BK,BUY,16
2026-04-14 09:00:48,2026-04-14,CCC,100.82,37,XL,XC,SELL,17
2026-04-14 09:00:51,2026-04-14,CCC,101.06,75,YU,PD,BUY,18
2026-04-14 09:00:54,2026-04-14,CCC,101.16,1,XL,XC,BUY,19
2026-04-14 09:00:57,2026-04-14,CCC,101.12,86,AI,YU,SELL,20
2026-04-14 09:01:00,2026-04-14,CCC,101.13,73,AI,YP,SELL,21
2026-04-14 09:01:03,2026-04-14,CCC,101.01,91,YU,XC,SELL,22
2026-04-14 09:01:06,2026-04-14,CCC,101.02,69,BK,CC,BUY,23
2026-04-14 09:01:09,2026-04-14,CCC,101.09,52,KK,XL,SELL,24
2026-04-14 09:01:12,2026-04-14,CCC,101.05,97,AI,AI,SELL,25
2026-04-14 09:01:15,2026-04-14,CCC,100.87,26,KK,AI,SELL,26
2026-04-14 09:01:18,2026-04-14,CCC,100.72,32,XC,XL,SELL,27
2026-04-14 09:01:21,2026-04-14,CCC,100.67,38,YU,CC,SELL,28
2026-04-14 09:01:24,2026-04-14,CCC,100.77,60,BK,CC,BUY,29
2026-04-14 09:01:27,2026-04-14,CCC,100.81,1,PD,AI,BUY,30
2026-04-14 09:01:30,2026-04-14,CCC,100.84,106,BK,AI,BUY,31
2026-04-14 09:01:33,2026-04-14,CCC,100.83,21,YP,RX,SELL,32
2026-04-14 09:01:36,2026-04-14,CCC,100.88,75,CC,RX,BUY,33
2026-04-14 09:01:39,2026-04-14,CCC,100.98,84,YU,KK,BUY,34
2026-04-14 09:01:42,2026-04-14,CCC,100.82,27,KK,BK,SELL,35
2026-04-14 09:01:45,2026-04-14,CCC,100.91,39,XC,YP,BUY,36
2026-04-14 09:01:48,2026-04-14,CCC,100.8,1,PD,CC,SELL,37
2026-04-14 09:01:51,2026-04-14,CCC,100.75,17,RX,KK,SELL,38
2026-04-14 09:01:54,2026-04-14,CCC,100.69,26,XC,YU,SELL,39
2026-04-14 09:01:57,2026-04-14,CCC,100.79,22,PD,YP,BUY,40
2026-04-15 09:00:00,2026-04-15,CCC,100.59,71,CC,XL,SELL,1
2026-04-15 09:00:03,2026-04-15,CCC,100.69,92,YU,AI,BUY,2
2026-04-15 09:00:06,2026-04-15,CCC,100.68,13,XC,PD,SELL,3
2026-04-15 09:00:09,2026-04-15,CCC,100.59,23,PD,XC,SELL,4
2026-04-15 09:00:12,2026-04-15,CCC,100.46,65,AI,YU,SELL,5
2026-04-15 09:00:15,2026-04-15,CCC,100.39,46,KK,YU,SELL,6
2026-04-15 09:00:18,2026-04-15,CCC,100.24,80,CC,XL,SELL,7
2026-04-15 09:00:21,2026-04-15,CCC,100.23,37,RX,BK,BUY,8
2026-04-15 09:00:24,2026-04-15,CCC,100.35,68,AI,YU,BUY,9
2026-04-15 09:00:27,2026-04-15,CCC,100.42,83,BK,YU,BUY,10
2026-04-15 09:00:30,2026-04-15,CCC,100.49,83,AI,CC,BUY,11
2026-04-15 09:00:33,2026-04-15,CCC,100.55,79,AI,KK,BUY,12
2026-04-15 09:00:36,2026-04-15,CCC,100.48,69,BK,PD,SELL,13
2026-04-15 09:00:39,2026-04-15,CCC,100.57,104,YU,YU,BUY,14
2026-04-15 09:00:42,2026-04-15,CCC,100.73,69,XL,RX,BUY,15
2026-04-15 09:00:45,2026-04-15,CCC,100.54,84,BK,BK,SELL,16
2026-04-15 09:00:48,2026-04-15,CCC,100.66,37,YP,KK,BUY,17
2026-04-15 09:00:51,2026-04-15,CCC,100.68,13,XC,AI,SELL,18
2026-04-15 09:00:54,2026-04-15,CCC,100.74,48,PD,YP,BUY,19
2026-04-15 09:00:57,2026-04-15,CCC,100.52,2,PD,YU,SELL,20
2026-04-15 09:01:00,2026-04-15,CCC,100.67,73,YU,XC,BUY,21
2026-04-15 09:01:03,2026-04-15,CCC,100.52,17,XL,XC,SELL,22
2026-04-15 09:01:06,2026-04-15,CCC,100.29,17,PD,RX,SELL,23
2026-04-15 09:01:09,2026-04-15,CCC,100.24,67,BK,AI,BUY,24
2026-04-15 09:01:12,2026-04-15,CCC,100.41,61,PD,BK,BUY,25
2026-04-15 09:01:15,2026-04-15,CCC,100.44,39,RX,KK,BUY,26
2026-04-15 09:01:18,2026-04-15,CCC,100.23,80,BK,PD,SELL,27
2026-04-15 09:01:21,2026-04-15,CCC,100.28,16,YP,BK,BUY,28
2026-04-15 09:01:24,2026-04-15,CCC,100.25,63,YU,CC,SELL,29
2026-04-15 09:01:27,2026-04-15,CCC,100.36,57,XC,RX,BUY,30
2026-04-15 09:01:30,2026-04-15,CCC,100.23,89,BK,AI,SELL,31
2026-04-15 09:01:33,2026-04-15,CCC,100.28,77,CC,YP,BUY,32
2026-04-15 09:01:36,2026-04-15,CCC,100.32,29,PD,PD,BUY,33
2026-04-15 09:01:39,2026-04-15,CCC,100.17,66,BK,XC,SELL,34
2026-04-15 09:01:42,2026-04-15,CCC,100.17,23,XC,BK,SELL,35
2026-04-15 09:01:45,2026-04-15,CCC,99.98,75,CC,CC,SELL,36
2026-04-15 09:01:48,2026-04-15,CCC,99.9,65,YU,AI,SELL,37
2026-04-15 09:01:51,2026-04-15,CCC,99.8,93,YU,XL,SELL,38
2026-04-15 09:01:54,2026-04-15,CCC,99.94,38,RX,BK,BUY,39
2026-04-15 09:01:57,2026-04-15,CCC,100.09,58,YU,KK,BUY,40
2026-04-09 09:00:00,2026-04-09,DDD,72.64,11,XC,BK,SELL,1
2026-04-09 09:00:03,2026-04-09,DDD,72.58,61,BK,RX,SELL,2
2026-04-09 09:00:06,2026-04-09,DDD,72.68,18,XL,PD,BUY,3
2026-04-09 09:00:09,2026-04-09,DDD,72.65,79,YU,XL,SELL,4
2026-04-09 09:00:12,2026-04-09,DDD,72.51,109,YU,YP,SELL,5
2026-04-09 09:00:15,2026-04-09,DDD,72.41,63,CC,RX,SELL,6
2026-04-09 09:00:18,2026-04-09,DDD,72.5,22,XL,RX,BUY,7
2026-04-09 09:00:21,2026-04-09,DDD,72.6,101,BK,YP,BUY,8
2026-04-09 09:00:24,2026-04-09,DDD,72.42,61,PD,RX,SELL,9
2026-04-09 09:00:27,2026-04-09,DDD,72.36,11,KK,AI,SELL,10
2026-04-09 09:00:30,2026-04-09,DDD,72.49,92,AI,BK,BUY,11
2026-04-09 09:00:33,2026-04-09,DDD,72.6,64,KK,YU,BUY,12
2026-04-09 09:00:36,2026-04-09,DDD,72.66,4,PD,YP,BUY,13
2026-04-09 09:00:39,2026-04-09,DDD,72.63,33,YP,YP,SELL,14
2026-04-09 09:00:42,2026-04-09,DDD,72.63,1,PD,AI,BUY,15
2026-04-09 09:00:45,2026-04-09,DDD,72.61,34,KK,RX,SELL,16
2026-04-09 09:00:48,2026-04-09,DDD,72.6,29,KK,RX,BUY,17
2026-04-09 09:00:51,2026-04-09,DDD,72.58,93,YU,BK,BUY,18
2026-04-09 09:00:54,2026-04-09,DDD,72.62,9,XC,XL,BUY,19
2026-04-09 09:00:57,2026-04-09,DDD,72.7,20,RX,PD,BUY,20
2026-04-09 09:01:00,2026-04-09,DDD,72.74,11,RX,KK,BUY,21
2026-04-09 09:01:03,2026-04-09,DDD,72.64,49,AI,CC,SELL,22
2026-04-09 09:01:06,2026-04-09,DDD,72.73,40,PD,YP,BUY,23
2026-04-09 09:01:09,2026-04-09,DDD,72.67,47,YU,PD,SELL,24
2026-04-09 09:01:12,2026-04-09,DDD,72.77,80,YU,XC,BUY,25
2026-04-09 09:01:15,2026-04-09,DDD,72.74,32,YP,RX,SELL,26
2026-04-09 09:01:18,2026-04-09,DDD,72.9,34,KK,XC,BUY,27
2026-04-09 09:01:21,2026-04-09,DDD,73.03,99,YU,XL,BUY,28
2026-04-09 09:01:24,2026-04-09,DDD,72.96,83,AI,XC,SELL,29
2026-04-09 09:01:27,2026-04-09,DDD,72.99,37,KK,BK,BUY,30
2026-04-09 09:01:30,2026-04-09,DDD,73.01,44,XC,AI,BUY,31
2026-04-09 09:01:33,2026-04-09,DDD,72.99,104,CC,CC,BUY,32
2026-04-09 09:01:36,2026-04-09,DDD,73.04,1,PD,YU,BUY,33
2026-04-09 09:01:39,2026-04-09,DDD,73.1,4,XC,AI,BUY,34
2026-04-09 09:01:42,2026-04-09,DDD,73.13,50,PD,XC,BUY,35
2026-04-09 09:01:45,2026-04-09,DDD,73.27,61,BK,XL,BUY,36
2026-04-09 09:01:48,2026-04-09,DDD,73.34,100,BK,KK,BUY,37
2026-04-09 09:01:51,2026-04-09,DDD,73.24,51,BK,PD,SELL,38
2026-04-09 09:01:54,2026-04-09,DDD,73.12,74,CC,KK,SELL,39
2026-04-09 09:01:57,2026-04-09,DDD,73.06,64,BK,XL,SELL,40
2026-04-10 09:00:00,2026-04-10,DDD,73.84,67,CC,YP,SELL,1
2026-04-10 09:00:03,2026-04-10,DDD,73.86,64,RX,RX,BUY,2
2026-04-10 09:00:06,2026-04-10,DDD,73.73,34,PD,YU,SELL,3
2026-04-10 09:00:09,2026-04-10,DDD,73.85,55,XC,PD,BUY,4
2026-04-10 09:00:12,2026-04-10,DDD,73.81,36,XL,XC,SELL,5
2026-04-10 09:00:15,2026-04-10,DDD,73.92,111,AI,XL,BUY,6
2026-04-10 09:00:18,2026-04-10,DDD,73.82,11,KK,BK,SELL,7
2026-04-10 09:00:21,2026-04-10,DDD,74.05,111,AI,XC,BUY,8
2026-04-10 09:00:24,2026-04-10,DDD,74.09,49,BK,AI,BUY,9
2026-04-10 09:00:27,2026-04-10,DDD,74.25,45,YU,AI,BUY,10
2026-04-10 09:00:30,2026-04-10,DDD,74.16,76,BK,KK,SELL,11
2026-04-10 09:00:33,2026-04-10,DDD,74.13,36,XC,YU,SELL,12
2026-04-10 09:00:36,2026-04-10,DDD,74.06,46,PD,YU,SELL,13
2026-04-10 09:00:39,2026-04-10,DDD,74.08,88,BK,XC,SELL,14
2026-04-10 09:00:42,2026-04-10,DDD,74.04,18,KK,YP,SELL,15
2026-04-10 09:00:45,2026-04-10,DDD,74.03,16,PD,PD,SELL,16
2026-04-10 09:00:48,2026-04-10,DDD,73.99,61,AI,KK,BUY,17
2026-04-10 09:00:51,2026-04-10,DDD,73.99,38,KK,CC,SELL,18
2026-04-10 09:00:54,2026-04-10,DDD,73.99,35,XL,AI,BUY,19
2026-04-10 09:00:57,2026-04-10,DDD,73.9,39,XL,XC,SELL,20
2026-04-10 09:01:00,2026-04-10,DDD,73.99,40,PD,CC,BUY,21
2026-04-10 09:01:03,2026-04-10,DDD,74.05,86,YU,PD,BUY,22
2026-04-10 09:01:06,2026-04-10,DDD,73.96,86,AI,AI,SELL,23
2026-04-10 09:01:09,2026-04-10,DDD,74.0,55,CC,CC,BUY,24
2026-04-10 09:01:12,2026-04-10,DDD,73.84,89,YU,RX,SELL,25
2026-04-10 09:01:15,2026-04-10,DDD,73.7,86,CC,XC,SELL,26
2026-04-10 09:01:18,2026-04-10,DDD,73.78,87,CC,CC,BUY,27
2026-04-10 09:01:21,2026-04-10,DDD,73.8,18,PD,AI,SELL,28
2026-04-10 09:01:24,2026-04-10,DDD,73.83,43,XL,XC,SELL,29
2026-04-10 09:01:27,2026-04-10,DDD,73.9,35,YP,RX,BUY,30
2026-04-10 09:01:30,2026-04-10,DDD,73.79,53,AI,CC,SELL,31
2026-04-10 09:01:33,2026-04-10,DDD,73.79,10,XL,BK,BUY,32
2026-04-10 09:01:36,2026-04-10,DDD,73.83,113,BK,BK,BUY,33
2026-04-10 09:01:39,2026-04-10,DDD,73.74,14,PD,BK,SELL,34
2026-04-10 09:01:42,2026-04-10,DDD,73.7,20,XL,XL,BUY,35
2026-04-10 09:01:45,2026-04-10,DDD,73.68,81,CC,XL,SELL,36
2026-04-10 09:01:48,2026-04-10,DDD,73.6,90,YU,XL,SELL,37
2026-04-10 09:01:51,2026-04-10,DDD,73.65,20,PD,PD,BUY,38
2026-04-10 09:01:54,2026-04-10,DDD,73.71,55,YU,CC,BUY,39
2026-04-10 09:01:57,2026-04-10,DDD,73.75,14,XC,KK,BUY,40
2026-04-13 09:00:00,2026-04-13,DDD,73.3,30,XL,YP,SELL,1
2026-04-13 09:00:03,2026-04-13,DDD,73.36,72,BK,BK,BUY,2
2026-04-13 09:00:06,2026-04-13,DDD,73.36,53,BK,RX,BUY,3
2026-04-13 09:00:09,2026-04-13,DDD,73.25,64,YU,RX,SELL,4
2026-04-13 09:00:12,2026-04-13,DDD,73.33,1,XL,CC,BUY,5
2026-04-13 09:00:15,2026-04-13,DDD,73.34,52,RX,YU,BUY,6
2026-04-13 09:00:18,2026-04-13,DDD,73.25,20,XL,RX,SELL,7
2026-04-13 09:00:21,2026-04-13,DDD,73.17,94,AI,KK,SELL,8
2026-04-13 09:00:24,2026-04-13,DDD,73.14,44,AI,RX,SELL,9
2026-04-13 09:00:27,2026-04-13,DDD,73.19,46,PD,BK,BUY,10
2026-04-13 09:00:30,2026-04-13,DDD,73.1,33,YP,YP,SELL,11
2026-04-13 09:00:33,2026-04-13,DDD,73.01,92,BK,AI,SELL,12
2026-04-13 09:00:36,2026-04-13,DDD,73.13,77,YU,YU,BUY,13
2026-04-13 09:00:39,2026-04-13,DDD,73.19,76,YU,AI,BUY,14
2026-04-13 09:00:42,2026-04-13,DDD,73.1,86,AI,CC,SELL,15
2026-04-13 09:00:45,2026-04-13,DDD,73.04,48,YP,XC,SELL,16
2026-04-13 09:00:48,2026-04-13,DDD,73.13,70,AI,KK,BUY,17
2026-04-13 09:00:51,2026-04-13,DDD,73.25,72,YP,YU,BUY,18
2026-04-13 09:00:54,2026-04-13,DDD,73.16,4,PD,YP,SELL,19
2026-04-13 09:00:57,2026-04-13,DDD,73.2,59,AI,BK,BUY,20
2026-04-13 09:01:00,2026-04-13,DDD,73.22,17,XC,RX,BUY,21
2026-04-13 09:01:03,2026-04-13,DDD,73.11,107,AI,YU,SELL,22
2026-04-13 09:01:06,2026-04-13,DDD,73.03,52,XC,YP,SELL,23
2026-04-13 09:01:09,2026-04-13,DDD,72.96,11,XL,AI,SELL,24
2026-04-13 09:01:12,2026-04-13,DDD,72.92,110,AI,XL,SELL,25
2026-04-13 09:01:15,2026-04-13,DDD,73.0,103,AI,RX,BUY,26
2026-04-13 09:01:18,2026-04-13,DDD,72.87,14,XC,PD,SELL,27
2026-04-13 09:01:21,2026-04-13,DDD,72.84,1,PD,YP,SELL,28
2026-04-13 09:01:24,2026-04-13,DDD,72.78,14,YP,XC,SELL,29
2026-04-13 09:01:27,2026-04-13,DDD,72.85,53,CC,XL,BUY,30
2026-04-13 09:01:30,2026-04-13,DDD,72.75,106,BK,YU,SELL,31
2026-04-13 09:01:33,2026-04-13,DDD,72.68,76,BK,CC,SELL,32
2026-04-13 09:01:36,2026-04-13,DDD,72.65,85,CC,BK,SELL,33
2026-04-13 09:01:39,2026-04-13,DDD,72.54,81,CC,XC,SELL,34
2026-04-13 09:01:42,2026-04-13,DDD,72.57,20,XL,YU,BUY,35
2026-04-13 09:01:45,2026-04-13,DDD,72.54,20,YP,RX,SELL,36
2026-04-13 09:01:48,2026-04-13,DDD,72.56,87,AI,BK,BUY,37
2026-04-13 09:01:51,2026-04-13,DDD,72.63,79,YU,PD,BUY,38
2026-04-13 09:01:54,2026-04-13,DDD,72.77,8,KK,RX,BUY,39
2026-04-13 09:01:57,2026-04-13,DDD,72.78,40,PD,XC,SELL,40
2026-04-14 09:00:00,2026-04-14,DDD,73.59,59,AI,RX,BUY,1
2026-04-14 09:00:03,2026-04-14,DDD,73.65,50,RX,CC,BUY,2
2026-04-14 09:00:06,2026-04-14,DDD,73.65,39,KK,CC,SELL,3
2026-04-14 09:00:09,2026-04-14,DDD,73.66,90,BK,BK,BUY,4
2026-04-14 09:00:12,2026-04-14,DDD,73.71,70,CC,RX,SELL,5
2026-04-14 09:00:15,2026-04-14,DDD,73.7,1,PD,BK,SELL,6
2026-04-14 09:00:18,2026-04-14,DDD,73.68,27,RX,BK,SELL,7
2026-04-14 09:00:21,2026-04-14,DDD,73.77,68,YP,YP,BUY,8
2026-04-14 09:00:24,2026-04-14,DDD,73.86,80,KK,XC,BUY,9
2026-04-14 09:00:27,2026-04-14,DDD,73.86,103,YU,XL,BUY,10
2026-04-14 09:00:30,2026-04-14,DDD,73.88,68,BK,AI,SELL,11
2026-04-14 09:00:33,2026-04-14,DDD,73.78,14,XL,RX,SELL,12
2026-04-14 09:00:36,2026-04-14,DDD,73.75,49,XL,YP,SELL,13
2026-04-14 09:00:39,2026-04-14,DDD,73.91,79,BK,XL,BUY,14
2026-04-14 09:00:42,2026-04-14,DDD,73.95,80,AI,PD,BUY,15
2026-04-14 09:00:45,2026-04-14,DDD,74.03,1,XL,KK,BUY,16
2026-04-14 09:00:48,2026-04-14,DDD,74.2,53,XC,RX,BUY,17
2026-04-14 09:00:51,2026-04-14,DDD,74.12,35,YP,XC,SELL,18
2026-04-14 09:00:54,2026-04-14,DDD,74.06,1,XC,KK,SELL,19
2026-04-14 09:00:57,2026-04-14,DDD,73.97,72,YU,XL,SELL,20
2026-04-14 09:01:00,2026-04-14,DDD,74.04,68,XL,XL,BUY,21
2026-04-14 09:01:03,2026-04-14,DDD,73.93,29,PD,BK,SELL,22
2026-04-14 09:01:06,2026-04-14,DDD,73.94,31,PD,XC,BUY,23
2026-04-14 09:01:09,2026-04-14,DDD,73.97,6,KK,YP,BUY,24
2026-04-14 09:01:12,2026-04-14,DDD,74.11,23,RX,YU,BUY,25
2026-04-14 09:01:15,2026-04-14,DDD,74.1,1,XC,KK,SELL,26
2026-04-14 09:01:18,2026-04-14,DDD,74.2,19,YP,CC,BUY,27
2026-04-14 09:01:21,2026-04-14,DDD,74.25,18,KK,YU,BUY,28
2026-04-14 09:01:24,2026-04-14,DDD,74.1,48,PD,XC,SELL,29
2026-04-14 09:01:27,2026-04-14,DDD,74.13,31,XL,YU,BUY,30
2026-04-14 09:01:30,2026-04-14,DDD,74.11,47,RX,KK,SELL,31
2026-04-14 09:01:33,2026-04-14,DDD,74.23,15,RX,KK,BUY,32
2026-04-14 09:01:36,2026-04-14,DDD,74.27,38,CC,CC,SELL,33
2026-04-14 09:01:39,2026-04-14,DDD,74.26,10,XL,RX,SELL,34
2026-04-14 09:01:42,2026-04-14,DDD,74.37,38,PD,YP,BUY,35
2026-04-14 09:01:45,2026-04-14,DDD,74.31,21,YP,BK,SELL,36
2026-04-14 09:01:48,2026-04-14,DDD,74.19,127,CC,PD,SELL,37
2026-04-14 09:01:51,2026-04-14,DDD,74.29,2,RX,AI,BUY,38
2026-04-14 09:01:54,2026-04-14,DDD,74.17,72,YU,XC,SELL,39
2026-04-14 09:01:57,2026-04-14,DDD,74.28,64,YU,AI,BUY,40
2026-04-15 09:00:00,2026-04-15,DDD,72.9,24,XL,XL,BUY,1
2026-04-15 09:00:03,2026-04-15,DDD,73.0,30,XC,YP,BUY,2
2026-04-15 09:00:06,2026-04-15,DDD,72.99,47,YP,AI,BUY,3
2026-04-15 09:00:09,2026-04-15,DDD,73.02,54,BK,XL,BUY,4
2026-04-15 09:00:12,2026-04-15,DDD,73.08,110,CC,PD,BUY,5
2026-04-15 09:00:15,2026-04-15,DDD,73.26,68,YU,KK,BUY,6
2026-04-15 09:00:18,2026-04-15,DDD,73.21,2,YP,CC,SELL,7
2026-04-15 09:00:21,2026-04-15,DDD,73.16,45,XL,XL,BUY,8
2026-04-15 09:00:24,2026-04-15,DDD,73.15,37,XL,BK,SELL,9
2026-04-15 09:00:27,2026-04-15,DDD,73.12,3,RX,RX,SELL,10
2026-04-15 09:00:30,2026-04-15,DDD,73.18,10,XC,PD,BUY,11
2026-04-15 09:00:33,2026-04-15,DDD,73.2,106,AI,KK,BUY,12
2026-04-15 09:00:36,2026-04-15,DDD,73.27,87,CC,KK,BUY,13
2026-04-15 09:00:39,2026-04-15,DDD,73.37,23,KK,YU,BUY,14
2026-04-15 09:00:42,2026-04-15,DDD,73.45,13,YP,KK,BUY,15
2026-04-15 09:00:45,2026-04-15,DDD,73.46,10,RX,PD,SELL,16
2026-04-15 09:00:48,2026-04-15,DDD,73.34,48,RX,BK,SELL,17
2026-04-15 09:00:51,2026-04-15,DDD,73.23,65,CC,KK,SELL,18
2026-04-15 09:00:54,2026-04-15,DDD,73.39,40,KK,XC,BUY,19
2026-04-15 09:00:57,2026-04-15,DDD,73.26,41,XL,RX,SELL,20
2026-04-15 09:01:00,2026-04-15,DDD,73.13,11,KK,YP,SELL,21
2026-04-15 09:01:03,2026-04-15,DDD,73.1,28,RX,RX,BUY,22
2026-04-15 09:01:06,2026-04-15,DDD,73.09,54,CC,YP,SELL,23
2026-04-15 09:01:09,2026-04-15,DDD,73.07,22,PD,RX,SELL,24
2026-04-15 09:01:12,2026-04-15,DDD,73.13,53,YU,PD,BUY,25
2026-04-15 09:01:15,2026-04-15,DDD,73.1,68,BK,XL,BUY,26
2026-04-15 09:01:18,2026-04-15,DDD,73.18,103,CC,AI,BUY,27
2026-04-15 09:01:21,2026-04-15,DDD,73.23,33,PD,AI,BUY,28
2026-04-15 09:01:24,2026-04-15,DDD,73.24,37,YP,YU,SELL,29
2026-04-15 09:01:27,2026-04-15,DDD,73.37,37,RX,KK,BUY,30
2026-04-15 09:01:30,2026-04-15,DDD,73.3,59,RX,BK,SELL,31
2026-04-15 09:01:33,2026-04-15,DDD,73.29,93,BK,CC,BUY,32
2026-04-15 09:01:36,2026-04-15,DDD,73.08,48,KK,XC,SELL,33
2026-04-15 09:01:39,2026-04-15,DDD,73.1,10,KK,XC,SELL,34
2026-04-15 09:01:42,2026-04-15,DDD,73.0,24,YP,KK,SELL,35
2026-04-15 09:01:45,2026-04-15,DDD,72.93,1,PD,XL,SELL,36
2026-04-15 09:01:48,2026-04-15,DDD,72.93,18,RX,AI,BUY,37
2026-04-15 09:01:51,2026-04-15,DDD,72.89,7,YP,YU,SELL,38
2026-04-15 09:01:54,2026-04-15,DDD,72.85,37,RX,XC,SELL,39
2026-04-15 09:01:57,2026-04-15,DDD,72.85,1,YP,XC,SELL,40
2026-04-09 09:00:00,2026-04-09,EEE,368.75,75,AI,KK,BUY,1
2026-04-09 09:00:03,2026-04-09,EEE,368.87,53,YU,XL,SELL,2
2026-04-09 09:00:06,2026-04-09,EEE,368.7,1,XC,CC,SELL,3
2026-04-09 09:00:09,2026-04-09,EEE,368.31,19,XL,CC,SELL,4
2026-04-09 09:00:12,2026-04-09,EEE,368.11,88,YU,PD,SELL,5
2026-04-09 09:00:15,2026-04-09,EEE,367.64,107,CC,RX,SELL,6
2026-04-09 09:00:18,2026-04-09,EEE,368.21,98,BK,XL,BUY,7
2026-04-09 09:00:21,2026-04-09,EEE,368.94,101,BK,AI,BUY,8
2026-04-09 09:00:24,2026-04-09,EEE,368.91,39,YP,BK,SELL,9
2026-04-09 09:00:27,2026-04-09,EEE,368.74,14,RX,XL,SELL,10
2026-04-09 09:00:30,2026-04-09,EEE,368.56,115,BK,BK,BUY,11
2026-04-09 09:00:33,2026-04-09,EEE,369.06,72,YU,XC,BUY,12
2026-04-09 09:00:36,2026-04-09,EEE,369.3,57,BK,YU,BUY,13
2026-04-09 09:00:39,2026-04-09,EEE,369.11,60,RX,RX,SELL,14
2026-04-09 09:00:42,2026-04-09,EEE,368.28,67,CC,PD,SELL,15
2026-04-09 09:00:45,2026-04-09,EEE,368.65,79,YU,KK,BUY,16
2026-04-09 09:00:48,2026-04-09,EEE,368.7,73,AI,RX,BUY,17
2026-04-09 09:00:51,2026-04-09,EEE,369.23,90,YU,RX,BUY,18
2026-04-09 09:00:54,2026-04-09,EEE,369.33,66,AI,YU,BUY,19
2026-04-09 09:00:57,2026-04-09,EEE,370.05,67,AI,KK,BUY,20
2026-04-09 09:01:00,2026-04-09,EEE,369.47,72,CC,RX,SELL,21
2026-04-09 09:01:03,2026-04-09,EEE,369.43,54,YU,AI,SELL,22
2026-04-09 09:01:06,2026-04-09,EEE,368.7,8,RX,XL,SELL,23
2026-04-09 09:01:09,2026-04-09,EEE,368.49,2,YP,YU,SELL,24
2026-04-09 09:01:12,2026-04-09,EEE,368.88,56,BK,BK,BUY,25
2026-04-09 09:01:15,2026-04-09,EEE,368.19,51,YP,YP,SELL,26
2026-04-09 09:01:18,2026-04-09,EEE,368.51,84,YU,CC,BUY,27
2026-04-09 09:01:21,2026-04-09,EEE,368.07,87,AI,YP,SELL,28
2026-04-09 09:01:24,2026-04-09,EEE,368.47,94,YU,KK,BUY,29
2026-04-09 09:01:27,2026-04-09,EEE,368.6,75,YU,YP,BUY,30
2026-04-09 09:01:30,2026-04-09,EEE,369.13,64,AI,PD,BUY,31
2026-04-09 09:01:33,2026-04-09,EEE,369.41,62,AI,XC,BUY,32
2026-04-09 09:01:36,2026-04-09,EEE,370.05,76,BK,PD,BUY,33
2026-04-09 09:01:39,2026-04-09,EEE,370.1,71,YU,YP,BUY,34
2026-04-09 09:01:42,2026-04-09,EEE,370.09,70,YU,PD,BUY,35
2026-04-09 09:01:45,2026-04-09,EEE,369.02,34,XC,CC,SELL,36
2026-04-09 09:01:48,2026-04-09,EEE,368.81,72,CC,RX,SELL,37
2026-04-09 09:01:51,2026-04-09,EEE,369.0,112,BK,YU,BUY,38
2026-04-09 09:01:54,2026-04-09,EEE,369.02,88,YU,CC,BUY,39
2026-04-09 09:01:57,2026-04-09,EEE,369.16,77,BK,XC,BUY,40
2026-04-10 09:00:00,2026-04-10,EEE,366.7,121,AI,CC,BUY,1
2026-04-10 09:00:03,2026-04-10,EEE,366.96,51,AI,XC,BUY,2
2026-04-10 09:00:06,2026-04-10,EEE,367.09,97,BK,AI,BUY,3
2026-04-10 09:00:09,2026-04-10,EEE,367.47,63,AI,BK,BUY,4
2026-04-10 09:00:12,2026-04-10,EEE,368.39,129,BK,XL,BUY,5
2026-04-10 09:00:15,2026-04-10,EEE,368.93,101,CC,XC,BUY,6
2026-04-10 09:00:18,2026-04-10,EEE,368.44,6,RX,BK,SELL,7
2026-04-10 09:00:21,2026-04-10,EEE,369.38,109,CC,PD,BUY,8
2026-04-10 09:00:24,2026-04-10,EEE,369.75,87,AI,XL,BUY,9
2026-04-10 09:00:27,2026-04-10,EEE,369.53,31,PD,BK,SELL,10
2026-04-10 09:00:30,2026-04-10,EEE,369.71,75,CC,PD,BUY,11
2026-04-10 09:00:33,2026-04-10,EEE,369.56,88,CC,XC,BUY,12
2026-04-10 09:00:36,2026-04-10,EEE,370.04,83,YU,YP,BUY,13
2026-04-10 09:00:39,2026-04-10,EEE,369.51,84,CC,AI,SELL,14
2026-04-10 09:00:42,2026-04-10,EEE,369.83,70,BK,CC,BUY,15
2026-04-10 09:00:45,2026-04-10,EEE,370.27,76,YU,YP,BUY,16
2026-04-10 09:00:48,2026-04-10,EEE,370.08,15,PD,RX,SELL,17
2026-04-10 09:00:51,2026-04-10,EEE,370.66,85,YU,XL,BUY,18
2026-04-10 09:00:54,2026-04-10,EEE,370.95,130,BK,AI,BUY,19
2026-04-10 09:00:57,2026-04-10,EEE,371.19,47,AI,CC,BUY,20
2026-04-10 09:01:00,2026-04-10,EEE,371.14,25,XL,KK,SELL,21
2026-04-10 09:01:03,2026-04-10,EEE,371.33,52,YU,CC,BUY,22
2026-04-10 09:01:06,2026-04-10,EEE,371.57,48,BK,YP,BUY,23
2026-04-10 09:01:09,2026-04-10,EEE,371.67,93,BK,XL,BUY,24
2026-04-10 09:01:12,2026-04-10,EEE,371.42,39,XL,AI,SELL,25
2026-04-10 09:01:15,2026-04-10,EEE,371.16,33,KK,CC,SELL,26
2026-04-10 09:01:18,2026-04-10,EEE,371.81,122,YU,YU,BUY,27
2026-04-10 09:01:21,2026-04-10,EEE,371.39,103,AI,YU,SELL,28
2026-04-10 09:01:24,2026-04-10,EEE,371.53,55,RX,XL,SELL,29
2026-04-10 09:01:27,2026-04-10,EEE,371.9,85,CC,PD,BUY,30
2026-04-10 09:01:30,2026-04-10,EEE,371.81,68,YU,CC,BUY,31
2026-04-10 09:01:33,2026-04-10,EEE,372.11,78,BK,BK,BUY,32
2026-04-10 09:01:36,2026-04-10,EEE,372.41,52,CC,BK,SELL,33
2026-04-10 09:01:39,2026-04-10,EEE,372.7,79,CC,CC,BUY,34
2026-04-10 09:01:42,2026-04-10,EEE,372.86,78,CC,KK,BUY,35
2026-04-10 09:01:45,2026-04-10,EEE,373.37,138,YU,RX,BUY,36
2026-04-10 09:01:48,2026-04-10,EEE,374.1,54,YU,YU,BUY,37
2026-04-10 09:01:51,2026-04-10,EEE,374.75,87,AI,BK,BUY,38
2026-04-10 09:01:54,2026-04-10,EEE,375.0,64,CC,AI,BUY,39
2026-04-10 09:01:57,2026-04-10,EEE,375.59,93,BK,XL,BUY,40
2026-04-13 09:00:00,2026-04-13,EEE,366.86,74,YU,YP,BUY,1
2026-04-13 09:00:03,2026-04-13,EEE,366.92,92,CC,PD,BUY,2
2026-04-13 09:00:06,2026-04-13,EEE,367.36,74,AI,CC,BUY,3
2026-04-13 09:00:09,2026-04-13,EEE,367.1,35,XL,BK,SELL,4
2026-04-13 09:00:12,2026-04-13,EEE,367.24,106,YU,RX,BUY,5
2026-04-13 09:00:15,2026-04-13,EEE,367.13,1,KK,YU,SELL,6
2026-04-13 09:00:18,2026-04-13,EEE,367.26,48,XC,BK,SELL,7
2026-04-13 09:00:21,2026-04-13,EEE,367.95,72,YU,YU,BUY,8
2026-04-13 09:00:24,2026-04-13,EEE,368.54,58,BK,YP,BUY,9
2026-04-13 09:00:27,2026-04-13,EEE,368.74,92,YU,YU,BUY,10
2026-04-13 09:00:30,2026-04-13,EEE,369.07,69,AI,YP,BUY,11
2026-04-13 09:00:33,2026-04-13,EEE,369.79,105,CC,KK,BUY,12
2026-04-13 09:00:36,2026-04-13,EEE,370.57,58,BK,BK,BUY,13
2026-04-13 09:00:39,2026-04-13,EEE,370.81,81,YU,AI,BUY,14
2026-04-13 09:00:42,2026-04-13,EEE,370.7,139,YU,YU,SELL,15
2026-04-13 09:00:45,2026-04-13,EEE,370.71,31,PD,CC,SELL,16
2026-04-13 09:00:48,2026-04-13,EEE,371.02,79,YU,YU,BUY,17
2026-04-13 09:00:51,2026-04-13,EEE,371.37,75,CC,RX,BUY,18
2026-04-13 09:00:54,2026-04-13,EEE,371.91,69,YU,AI,BUY,19
2026-04-13 09:00:57,2026-04-13,EEE,372.12,61,CC,AI,BUY,20
2026-04-13 09:01:00,2026-04-13,EEE,372.56,73,AI,XC,BUY,21
2026-04-13 09:01:03,2026-04-13,EEE,372.32,60,CC,BK,BUY,22
2026-04-13 09:01:06,2026-04-13,EEE,372.8,38,YP,YP,SELL,23
2026-04-13 09:01:09,2026-04-13,EEE,372.73,97,AI,PD,BUY,24
2026-04-13 09:01:12,2026-04-13,EEE,373.26,97,CC,YU,BUY,25
2026-04-13 09:01:15,2026-04-13,EEE,373.34,39,AI,RX,BUY,26
2026-04-13 09:01:18,2026-04-13,EEE,373.25,74,AI,PD,BUY,27
2026-04-13 09:01:21,2026-04-13,EEE,373.72,74,AI,XL,BUY,28
2026-04-13 09:01:24,2026-04-13,EEE,373.13,35,PD,XC,SELL,29
2026-04-13 09:01:27,2026-04-13,EEE,373.27,59,CC,YU,BUY,30
2026-04-13 09:01:30,2026-04-13,EEE,374.0,124,AI,CC,BUY,31
2026-04-13 09:01:33,2026-04-13,EEE,374.38,100,BK,YP,BUY,32
2026-04-13 09:01:36,2026-04-13,EEE,374.79,62,AI,XL,BUY,33
2026-04-13 09:01:39,2026-04-13,EEE,375.28,89,YU,KK,BUY,34
2026-04-13 09:01:42,2026-04-13,EEE,375.1,64,KK,PD,SELL,35
2026-04-13 09:01:45,2026-04-13,EEE,375.46,42,BK,XL,BUY,36
2026-04-13 09:01:48,2026-04-13,EEE,375.85,96,BK,AI,BUY,37
2026-04-13 09:01:51,2026-04-13,EEE,376.09,36,CC,BK,BUY,38
2026-04-13 09:01:54,2026-04-13,EEE,376.15,67,YU,BK,SELL,39
2026-04-13 09:01:57,2026-04-13,EEE,375.72,22,XC,KK,SELL,40
2026-04-14 09:00:00,2026-04-14,EEE,367.43,115,BK,PD,BUY,1
2026-04-14 09:00:03,2026-04-14,EEE,368.18,79,YU,YP,BUY,2
2026-04-14 09:00:06,2026-04-14,EEE,368.79,79,CC,PD,BUY,3
2026-04-14 09:00:09,2026-04-14,EEE,368.28,17,RX,XC,SELL,4
2026-04-14 09:00:12,2026-04-14,EEE,368.82,46,BK,BK,BUY,5
2026-04-14 09:00:15,2026-04-14,EEE,368.41,28,KK,KK,SELL,6
2026-04-14 09:00:18,2026-04-14,EEE,368.37,107,YU,RX,SELL,7
2026-04-14 09:00:21,2026-04-14,EEE,368.35,110,AI,YU,BUY,8
2026-04-14 09:00:24,2026-04-14,EEE,368.57,55,BK,XC,BUY,9
2026-04-14 09:00:27,2026-04-14,EEE,369.01,60,CC,AI,BUY,10
2026-04-14 09:00:30,2026-04-14,EEE,369.5,91,AI,YU,BUY,11
2026-04-14 09:00:33,2026-04-14,EEE,370.03,65,CC,BK,BUY,12
2026-04-14 09:00:36,2026-04-14,EEE,369.41,32,RX,CC,SELL,13
2026-04-14 09:00:39,2026-04-14,EEE,369.42,73,CC,AI,BUY,14
2026-04-14 09:00:42,2026-04-14,EEE,369.14,97,CC,RX,SELL,15
2026-04-14 09:00:45,2026-04-14,EEE,369.29,77,YU,RX,BUY,16
2026-04-14 09:00:48,2026-04-14,EEE,369.99,61,CC,XL,BUY,17
2026-04-14 09:00:51,2026-04-14,EEE,370.27,67,CC,BK,BUY,18
2026-04-14 09:00:54,2026-04-14,EEE,370.18,53,RX,KK,SELL,19
2026-04-14 09:00:57,2026-04-14,EEE,370.08,85,AI,KK,SELL,20
2026-04-14 09:01:00,2026-04-14,EEE,369.58,24,XL,RX,SELL,21
2026-04-14 09:01:03,2026-04-14,EEE,370.06,101,CC,XL,BUY,22
2026-04-14 09:01:06,2026-04-14,EEE,370.69,97,CC,PD,BUY,23
2026-04-14 09:01:09,2026-04-14,EEE,370.31,1,KK,PD,SELL,24
2026-04-14 09:01:12,2026-04-14,EEE,369.74,1,XL,KK,SELL,25
2026-04-14 09:01:15,2026-04-14,EEE,369.22,94,AI,KK,SELL,26
2026-04-14 09:01:18,2026-04-14,EEE,368.97,89,YU,YU,SELL,27
2026-04-14 09:01:21,2026-04-14,EEE,369.14,14,XC,YU,SELL,28
2026-04-14 09:01:24,2026-04-14,EEE,369.03,80,YU,PD,BUY,29
2026-04-14 09:01:27,2026-04-14,EEE,369.5,90,BK,YP,BUY,30
2026-04-14 09:01:30,2026-04-14,EEE,369.45,13,XL,XC,SELL,31
2026-04-14 09:01:33,2026-04-14,EEE,369.89,82,BK,KK,BUY,32
2026-04-14 09:01:36,2026-04-14,EEE,370.94,81,CC,CC,BUY,33
2026-04-14 09:01:39,2026-04-14,EEE,370.63,44,XC,AI,SELL,34
2026-04-14 09:01:42,2026-04-14,EEE,370.51,66,XL,CC,SELL,35
2026-04-14 09:01:45,2026-04-14,EEE,369.97,68,AI,RX,BUY,36
2026-04-14 09:01:48,2026-04-14,EEE,370.41,70,YU,PD,BUY,37
2026-04-14 09:01:51,2026-04-14,EEE,370.68,80,AI,XC,BUY,38
2026-04-14 09:01:54,2026-04-14,EEE,371.43,95,YU,XL,BUY,39
2026-04-14 09:01:57,2026-04-14,EEE,371.8,73,YU,BK,BUY,40
2026-04-15 09:00:00,2026-04-15,EEE,368.61,1,XC,BK,SELL,1
2026-04-15 09:00:03,2026-04-15,EEE,369.34,65,AI,BK,BUY,2
2026-04-15 09:00:06,2026-04-15,EEE,369.9,78,CC,CC,BUY,3
2026-04-15 09:00:09,2026-04-15,EEE,370.25,47,YU,XC,BUY,4
2026-04-15 09:00:12,2026-04-15,EEE,370.1,3,KK,YP,SELL,5
2026-04-15 09:00:15,2026-04-15,EEE,370.45,48,CC,XC,BUY,6
2026-04-15 09:00:18,2026-04-15,EEE,371.1,79,AI,AI,BUY,7
2026-04-15 09:00:21,2026-04-15,EEE,371.85,85,BK,XC,BUY,8
2026-04-15 09:00:24,2026-04-15,EEE,371.72,74,BK,RX,SELL,9
2026-04-15 09:00:27,2026-04-15,EEE,372.25,85,AI,XL,BUY,10
2026-04-15 09:00:30,2026-04-15,EEE,372.4,67,AI,XL,BUY,11
2026-04-15 09:00:33,2026-04-15,EEE,372.81,70,BK,KK,BUY,12
2026-04-15 09:00:36,2026-04-15,EEE,373.29,95,AI,XC,BUY,13
2026-04-15 09:00:39,2026-04-15,EEE,372.84,13,XC,PD,SELL,14
2026-04-15 09:00:42,2026-04-15,EEE,372.89,106,CC,PD,BUY,15
2026-04-15 09:00:45,2026-04-15,EEE,372.53,5,KK,AI,SELL,16
2026-04-15 09:00:48,2026-04-15,EEE,372.77,105,BK,XL,BUY,17
2026-04-15 09:00:51,2026-04-15,EEE,372.69,80,CC,AI,BUY,18
2026-04-15 09:00:54,2026-04-15,EEE,372.34,30,RX,XL,SELL,19
2026-04-15 09:00:57,2026-04-15,EEE,372.88,61,AI,RX,BUY,20
2026-04-15 09:01:00,2026-04-15,EEE,373.23,91,YU,PD,BUY,21
2026-04-15 09:01:03,2026-04-15,EEE,373.54,77,CC,XC,SELL,22
2026-04-15 09:01:06,2026-04-15,EEE,373.42,87,YU,YU,BUY,23
2026-04-15 09:01:09,2026-04-15,EEE,373.35,74,YU,BK,BUY,24
2026-04-15 09:01:12,2026-04-15,EEE,373.8,75,AI,PD,BUY,25
2026-04-15 09:01:15,2026-04-15,EEE,372.99,23,RX,XC,SELL,26
2026-04-15 09:01:18,2026-04-15,EEE,373.39,38,AI,AI,BUY,27
2026-04-15 09:01:21,2026-04-15,EEE,374.03,96,CC,AI,BUY,28
2026-04-15 09:01:24,2026-04-15,EEE,374.02,55,AI,KK,BUY,29
2026-04-15 09:01:27,2026-04-15,EEE,374.43,79,BK,AI,BUY,30
2026-04-15 09:01:30,2026-04-15,EEE,374.46,44,XL,KK,SELL,31
2026-04-15 09:01:33,2026-04-15,EEE,374.14,30,XC,XC,SELL,32
2026-04-15 09:01:36,2026-04-15,EEE,373.76,1,YP,YU,SELL,33
2026-04-15 09:01:39,2026-04-15,EEE,374.24,92,AI,XL,BUY,34
2026-04-15 09:01:42,2026-04-15,EEE,373.46,34,XC,AI,SELL,35
2026-04-15 09:01:45,2026-04-15,EEE,374.02,67,CC,XL,BUY,36
2026-04-15 09:01:48,2026-04-15,EEE,374.82,105,BK,KK,BUY,37
2026-04-15 09:01:51,2026-04-15,EEE,374.75,21,XC,XC,SELL,38
2026-04-15 09:01:54,2026-04-15,EEE,375.25,53,AI,CC,BUY,39
2026-04-15 09:01:57,2026-04-15,EEE,374.8,79,BK,RX,SELL,40
2026-04-09 09:00:00,2026-04-09,FFF,120.55,37,XL,XC,SELL,1
2026-04-09 09:00:03,2026-04-09,FFF,120.56,1,XC,PD,BUY,2
2026-04-09 09:00:06,2026-04-09,FFF,120.45,45,XC,PD,SELL,3
2026-04-09 09:00:09,2026-04-09,FFF,120.18,73,BK,XL,SELL,4
2026-04-09 09:00:12,2026-04-09,FFF,120.23,72,YU,XL,BUY,5
2026-04-09 09:00:15,2026-04-09,FFF,120.34,94,YU,XC,BUY,6
2026-04-09 09:00:18,2026-04-09,FFF,120.51,29,KK,YP,BUY,7
2026-04-09 09:00:21,2026-04-09,FFF,120.63,26,KK,RX,BUY,8
2026-04-09 09:00:24,2026-04-09,FFF,120.73,80,CC,AI,BUY,9
2026-04-09 09:00:27,2026-04-09,FFF,120.72,1,YP,PD,SELL,10
2026-04-09 09:00:30,2026-04-09,FFF,120.68,14,YP,BK,BUY,11
2026-04-09 09:00:33,2026-04-09,FFF,120.64,1,PD,CC,SELL,12
2026-04-09 09:00:36,2026-04-09,FFF,120.64,86,BK,YP,SELL,13
2026-04-09 09:00:39,2026-04-09,FFF,120.81,11,PD,YP,BUY,14
2026-04-09 09:00:42,2026-04-09,FFF,120.99,10,RX,XL,BUY,15
2026-04-09 09:00:45,2026-04-09,FFF,120.97,24,XC,BK,SELL,16
2026-04-09 09:00:48,2026-04-09,FFF,121.07,84,CC,XL,BUY,17
2026-04-09 09:00:51,2026-04-09,FFF,121.05,61,RX,KK,SELL,18
2026-04-09 09:00:54,2026-04-09,FFF,121.23,105,AI,AI,BUY,19
2026-04-09 09:00:57,2026-04-09,FFF,121.34,110,YU,XL,BUY,20
2026-04-09 09:01:00,2026-04-09,FFF,121.14,54,PD,AI,SELL,21
2026-04-09 09:01:03,2026-04-09,FFF,121.24,82,CC,AI,SELL,22
2026-04-09 09:01:06,2026-04-09,FFF,121.25,29,KK,CC,SELL,23
2026-04-09 09:01:09,2026-04-09,FFF,121.35,16,RX,YP,BUY,24
2026-04-09 09:01:12,2026-04-09,FFF,121.45,55,AI,CC,BUY,25
2026-04-09 09:01:15,2026-04-09,FFF,121.26,36,RX,YP,SELL,26
2026-04-09 09:01:18,2026-04-09,FFF,121.3,29,XC,YP,BUY,27
2026-04-09 09:01:21,2026-04-09,FFF,121.39,75,AI,YP,BUY,28
2026-04-09 09:01:24,2026-04-09,FFF,121.23,50,RX,KK,SELL,29
2026-04-09 09:01:27,2026-04-09,FFF,121.05,30,XL,KK,SELL,30
2026-04-09 09:01:30,2026-04-09,FFF,121.0,90,YU,BK,BUY,31
2026-04-09 09:01:33,2026-04-09,FFF,120.9,93,CC,PD,BUY,32
2026-04-09 09:01:36,2026-04-09,FFF,120.98,48,XC,YP,SELL,33
2026-04-09 09:01:39,2026-04-09,FFF,120.83,87,YU,XC,SELL,34
2026-04-09 09:01:42,2026-04-09,FFF,120.63,20,PD,YP,SELL,35
2026-04-09 09:01:45,2026-04-09,FFF,120.39,50,RX,BK,SELL,36
2026-04-09 09:01:48,2026-04-09,FFF,120.55,40,XC,YU,BUY,37
2026-04-09 09:01:51,2026-04-09,FFF,120.72,5,XC,YU,BUY,38
2026-04-09 09:01:54,2026-04-09,FFF,120.98,92,AI,YU,BUY,39
2026-04-09 09:01:57,2026-04-09,FFF,121.19,4,YP,PD,BUY,40
2026-04-10 09:00:00,2026-04-10,FFF,121.34,4,PD,CC,SELL,1
2026-04-10 09:00:03,2026-04-10,FFF,120.99,1,RX,KK,SELL,2
2026-04-10 09:00:06,2026-04-10,FFF,121.17,39,PD,CC,BUY,3
2026-04-10 09:00:09,2026-04-10,FFF,121.04,83,YU,XC,SELL,4
2026-04-10 09:00:12,2026-04-10,FFF,121.06,86,AI,CC,BUY,5
2026-04-10 09:00:15,2026-04-10,FFF,120.94,61,XL,YP,SELL,6
2026-04-10 09:00:18,2026-04-10,FFF,120.88,22,KK,BK,SELL,7
2026-04-10 09:00:21,2026-04-10,FFF,120.65,118,CC,KK,SELL,8
2026-04-10 09:00:24,2026-04-10,FFF,120.4,69,CC,YU,SELL,9
2026-04-10 09:00:27,2026-04-10,FFF,120.39,110,CC,XL,SELL,10
2026-04-10 09:00:30,2026-04-10,FFF,120.61,20,YP,BK,BUY,11
2026-04-10 09:00:33,2026-04-10,FFF,120.72,2,KK,YU,BUY,12
2026-04-10 09:00:36,2026-04-10,FFF,120.63,34,YP,YP,BUY,13
2026-04-10 09:00:39,2026-04-10,FFF,120.62,93,YU,PD,SELL,14
2026-04-10 09:00:42,2026-04-10,FFF,120.53,105,BK,XL,SELL,15
2026-04-10 09:00:45,2026-04-10,FFF,120.54,14,RX,KK,SELL,16
2026-04-10 09:00:48,2026-04-10,FFF,120.6,42,YP,YP,BUY,17
2026-04-10 09:00:51,2026-04-10,FFF,120.44,62,AI,PD,SELL,18
2026-04-10 09:00:54,2026-04-10,FFF,120.46,68,YU,AI,BUY,19
2026-04-10 09:00:57,2026-04-10,FFF,120.4,94,AI,XC,SELL,20
2026-04-10 09:01:00,2026-04-10,FFF,120.55,67,CC,YU,BUY,21
2026-04-10 09:01:03,2026-04-10,FFF,120.61,10,RX,AI,BUY,22
2026-04-10 09:01:06,2026-04-10,FFF,120.77,41,YP,PD,BUY,23
2026-04-10 09:01:09,2026-04-10,FFF,120.67,99,AI,PD,SELL,24
2026-04-10 09:01:12,2026-04-10,FFF,120.48,50,XC,YU,SELL,25
2026-04-10 09:01:15,2026-04-10,FFF,120.72,72,YU,AI,BUY,26
2026-04-10 09:01:18,2026-04-10,FFF,120.7,82,YU,CC,SELL,27
2026-04-10 09:01:21,2026-04-10,FFF,120.59,16,PD,BK,SELL,28
2026-04-10 09:01:24,2026-04-10,FFF,120.45,94,YU,KK,SELL,29
2026-04-10 09:01:27,2026-04-10,FFF,120.63,20,YP,PD,BUY,30
2026-04-10 09:01:30,2026-04-10,FFF,120.58,83,BK,AI,SELL,31
2026-04-10 09:01:33,2026-04-10,FFF,120.72,84,AI,KK,BUY,32
2026-04-10 09:01:36,2026-04-10,FFF,120.41,23,PD,BK,SELL,33
2026-04-10 09:01:39,2026-04-10,FFF,120.47,95,BK,BK,BUY,34
2026-04-10 09:01:42,2026-04-10,FFF,120.43,16,YP,CC,SELL,35
2026-04-10 09:01:45,2026-04-10,FFF,120.36,23,PD,CC,BUY,36
2026-04-10 09:01:48,2026-04-10,FFF,120.24,29,RX,PD,SELL,37
2026-04-10 09:01:51,2026-04-10,FFF,120.14,18,XC,KK,BUY,38
2026-04-10 09:01:54,2026-04-10,FFF,120.2,9,XL,KK,BUY,39
2026-04-10 09:01:57,2026-04-10,FFF,120.36,94,CC,XL,BUY,40
2026-04-13 09:00:00,2026-04-13,FFF,121.35,3,RX,KK,SELL,1
2026-04-13 09:00:03,2026-04-13,FFF,121.14,1,PD,XL,SELL,2
2026-04-13 09:00:06,2026-04-13,FFF,121.18,58,CC,YU,BUY,3
2026-04-13 09:00:09,2026-04-13,FFF,120.95,11,RX,RX,SELL,4
2026-04-13 09:00:12,2026-04-13,FFF,120.94,26,XL,KK,BUY,5
2026-04-13 09:00:15,2026-04-13,FFF,120.89,5,RX,YP,SELL,6
2026-04-13 09:00:18,2026-04-13,FFF,121.04,74,CC,PD,BUY,7
2026-04-13 09:00:21,2026-04-13,FFF,121.07,47,KK,KK,BUY,8
2026-04-13 09:00:24,2026-04-13,FFF,120.88,56,CC,YU,SELL,9
2026-04-13 09:00:27,2026-04-13,FFF,120.93,97,AI,RX,SELL,10
2026-04-13 09:00:30,2026-04-13,FFF,120.98,30,XL,YP,BUY,11
2026-04-13 09:00:33,2026-04-13,FFF,120.98,96,AI,CC,SELL,12
2026-04-13 09:00:36,2026-04-13,FFF,120.97,30,KK,YP,BUY,13
2026-04-13 09:00:39,2026-04-13,FFF,120.93,1,RX,XL,SELL,14
2026-04-13 09:00:42,2026-04-13,FFF,120.91,50,YP,XC,BUY,15
2026-04-13 09:00:45,2026-04-13,FFF,121.06,63,YU,CC,BUY,16
2026-04-13 09:00:48,2026-04-13,FFF,120.9,106,BK,BK,SELL,17
2026-04-13 09:00:51,2026-04-13,FFF,121.06,81,AI,KK,BUY,18
2026-04-13 09:00:54,2026-04-13,FFF,121.0,14,XL,BK,SELL,19
2026-04-13 09:00:57,2026-04-13,FFF,120.68,9,YP,PD,SELL,20
2026-04-13 09:01:00,2026-04-13,FFF,120.79,12,KK,XC,BUY,21
2026-04-13 09:01:03,2026-04-13,FFF,120.74,52,XC,CC,SELL,22
2026-04-13 09:01:06,2026-04-13,FFF,120.74,16,PD,CC,BUY,23
2026-04-13 09:01:09,2026-04-13,FFF,120.74,34,XL,RX,BUY,24
2026-04-13 09:01:12,2026-04-13,FFF,120.87,101,AI,AI,BUY,25
2026-04-13 09:01:15,2026-04-13,FFF,120.97,62,YP,XL,BUY,26
2026-04-13 09:01:18,2026-04-13,FFF,120.79,39,YP,XL,SELL,27
2026-04-13 09:01:21,2026-04-13,FFF,120.77,32,YP,RX,SELL,28
2026-04-13 09:01:24,2026-04-13,FFF,120.64,94,CC,BK,SELL,29
2026-04-13 09:01:27,2026-04-13,FFF,120.59,69,PD,XL,BUY,30
2026-04-13 09:01:30,2026-04-13,FFF,120.39,20,XC,AI,SELL,31
2026-04-13 09:01:33,2026-04-13,FFF,120.47,46,RX,CC,BUY,32
2026-04-13 09:01:36,2026-04-13,FFF,120.46,86,CC,PD,SELL,33
2026-04-13 09:01:39,2026-04-13,FFF,120.38,58,CC,XL,BUY,34
2026-04-13 09:01:42,2026-04-13,FFF,120.1,28,XC,RX,SELL,35
2026-04-13 09:01:45,2026-04-13,FFF,120.06,1,YP,KK,SELL,36
2026-04-13 09:01:48,2026-04-13,FFF,120.05,72,AI,KK,SELL,37
2026-04-13 09:01:51,2026-04-13,FFF,120.06,76,CC,BK,BUY,38
2026-04-13 09:01:54,2026-04-13,FFF,120.19,86,CC,BK,SELL,39
2026-04-13 09:01:57,2026-04-13,FFF,120.12,3,YP,RX,BUY,40
2026-04-14 09:00:00,2026-04-14,FFF,119.72,37,KK,CC,BUY,1
2026-04-14 09:00:03,2026-04-14,FFF,119.89,111,CC,PD,BUY,2
2026-04-14 09:00:06,2026-04-14,FFF,119.81,14,PD,XC,SELL,3
2026-04-14 09:00:09,2026-04-14,FFF,119.69,97,BK,PD,BUY,4
2026-04-14 09:00:12,2026-04-14,FFF,119.57,40,BK,BK,SELL,5
2026-04-14 09:00:15,2026-04-14,FFF,119.61,18,XL,YP,SELL,6
2026-04-14 09:00:18,2026-04-14,FFF,119.49,60,CC,RX,SELL,7
2026-04-14 09:00:21,2026-04-14,FFF,119.37,63,BK,XC,SELL,8
2026-04-14 09:00:24,2026-04-14,FFF,119.25,1,KK,CC,SELL,9
2026-04-14 09:00:27,2026-04-14,FFF,119.33,132,AI,YU,BUY,10
2026-04-14 09:00:30,2026-04-14,FFF,119.4,76,YU,PD,SELL,11
2026-04-14 09:00:33,2026-04-14,FFF,119.21,95,YU,YP,SELL,12
2026-04-14 09:00:36,2026-04-14,FFF,119.16,89,BK,XC,SELL,13
2026-04-14 09:00:39,2026-04-14,FFF,119.02,79,AI,PD,SELL,14
2026-04-14 09:00:42,2026-04-14,FFF,118.91,70,BK,AI,SELL,15
2026-04-14 09:00:45,2026-04-14,FFF,118.98,103,YU,KK,SELL,16
2026-04-14 09:00:48,2026-04-14,FFF,118.97,1,KK,YU,SELL,17
2026-04-14 09:00:51,2026-04-14,FFF,118.91,91,AI,PD,SELL,18
2026-04-14 09:00:54,2026-04-14,FFF,119.04,75,CC,XL,BUY,19
2026-04-14 09:00:57,2026-04-14,FFF,118.85,5,XC,RX,SELL,20
2026-04-14 09:01:00,2026-04-14,FFF,118.75,38,PD,XL,SELL,21
2026-04-14 09:01:03,2026-04-14,FFF,118.74,22,XC,RX,BUY,22
2026-04-14 09:01:06,2026-04-14,FFF,118.84,106,AI,YU,SELL,23
2026-04-14 09:01:09,2026-04-14,FFF,118.74,27,XC,AI,SELL,24
2026-04-14 09:01:12,2026-04-14,FFF,118.83,23,YP,CC,BUY,25
2026-04-14 09:01:15,2026-04-14,FFF,118.81,2,XC,YU,BUY,26
2026-04-14 09:01:18,2026-04-14,FFF,118.96,28,XC,BK,BUY,27
2026-04-14 09:01:21,2026-04-14,FFF,118.97,20,PD,KK,SELL,28
2026-04-14 09:01:24,2026-04-14,FFF,119.06,87,AI,BK,BUY,29
2026-04-14 09:01:27,2026-04-14,FFF,118.95,85,CC,CC,SELL,30
2026-04-14 09:01:30,2026-04-14,FFF,118.86,1,XC,CC,SELL,31
2026-04-14 09:01:33,2026-04-14,FFF,118.74,11,PD,BK,SELL,32
2026-04-14 09:01:36,2026-04-14,FFF,118.7,29,RX,BK,SELL,33
2026-04-14 09:01:39,2026-04-14,FFF,118.75,9,XL,BK,BUY,34
2026-04-14 09:01:42,2026-04-14,FFF,118.8,40,KK,PD,BUY,35
2026-04-14 09:01:45,2026-04-14,FFF,118.59,42,YP,CC,SELL,36
2026-04-14 09:01:48,2026-04-14,FFF,118.67,29,YP,XL,BUY,37
2026-04-14 09:01:51,2026-04-14,FFF,118.78,27,YP,RX,BUY,38
2026-04-14 09:01:54,2026-04-14,FFF,118.57,10,XC,RX,SELL,39
2026-04-14 09:01:57,2026-04-14,FFF,118.42,74,BK,XL,SELL,40
2026-04-15 09:00:00,2026-04-15,FFF,120.97,1,XL,XL,SELL,1
2026-04-15 09:00:03,2026-04-15,FFF,121.15,26,RX,XC,BUY,2
2026-04-15 09:00:06,2026-04-15,FFF,121.24,42,RX,YP,BUY,3
2026-04-15 09:00:09,2026-04-15,FFF,121.14,24,KK,AI,SELL,4
2026-04-15 09:00:12,2026-04-15,FFF,121.17,1,RX,YP,BUY,5
2026-04-15 09:00:15,2026-04-15,FFF,121.14,63,YU,XL,SELL,6
2026-04-15 09:00:18,2026-04-15,FFF,121.32,10,RX,AI,BUY,7
2026-04-15 09:00:21,2026-04-15,FFF,121.16,30,KK,YP,SELL,8
2026-04-15 09:00:24,2026-04-15,FFF,121.21,37,XC,KK,BUY,9
2026-04-15 09:00:27,2026-04-15,FFF,121.34,54,YP,RX,BUY,10
2026-04-15 09:00:30,2026-04-15,FFF,121.33,53,BK,XL,SELL,11
2026-04-15 09:00:33,2026-04-15,FFF,121.51,2,KK,XL,BUY,12
2026-04-15 09:00:36,2026-04-15,FFF,121.47,126,BK,CC,SELL,13
2026-04-15 09:00:39,2026-04-15,FFF,121.52,90,YU,CC,BUY,14
2026-04-15 09:00:42,2026-04-15,FFF,121.45,23,XC,BK,BUY,15
2026-04-15 09:00:45,2026-04-15,FFF,121.48,13,XC,KK,BUY,16
2026-04-15 09:00:48,2026-04-15,FFF,121.44,59,XC,CC,SELL,17
2026-04-15 09:00:51,2026-04-15,FFF,121.51,99,AI,YP,BUY,18
2026-04-15 09:00:54,2026-04-15,FFF,121.36,38,PD,XL,SELL,19
2026-04-15 09:00:57,2026-04-15,FFF,121.58,57,AI,KK,BUY,20
2026-04-15 09:01:00,2026-04-15,FFF,121.65,44,XL,BK,BUY,21
2026-04-15 09:01:03,2026-04-15,FFF,122.01,48,PD,YP,BUY,22
2026-04-15 09:01:06,2026-04-15,FFF,122.09,46,XL,KK,BUY,23
2026-04-15 09:01:09,2026-04-15,FFF,122.0,17,KK,CC,SELL,24
2026-04-15 09:01:12,2026-04-15,FFF,121.85,67,AI,BK,SELL,25
2026-04-15 09:01:15,2026-04-15,FFF,121.64,43,XL,XC,SELL,26
2026-04-15 09:01:18,2026-04-15,FFF,121.77,11,KK,AI,BUY,27
2026-04-15 09:01:21,2026-04-15,FFF,121.54,1,KK,KK,SELL,28
2026-04-15 09:01:24,2026-04-15,FFF,121.56,73,YU,KK,SELL,29
2026-04-15 09:01:27,2026-04-15,FFF,121.38,73,YU,BK,SELL,30
2026-04-15 09:01:30,2026-04-15,FFF,121.31,37,XL,RX,SELL,31
2026-04-15 09:01:33,2026-04-15,FFF,121.05,77,YU,XC,SELL,32
2026-04-15 09:01:36,2026-04-15,FFF,121.22,27,RX,CC,BUY,33
2026-04-15 09:01:39,2026-04-15,FFF,121.36,5,RX,RX,BUY,34
2026-04-15 09:01:42,2026-04-15,FFF,121.2,41,XL,YP,SELL,35
2026-04-15 09:01:45,2026-04-15,FFF,121.17,52,KK,KK,BUY,36
2026-04-15 09:01:48,2026-04-15,FFF,120.91,98,YU,YP,SELL,37
2026-04-15 09:01:51,2026-04-15,FFF,120.99,83,BK,RX,BUY,38
2026-04-15 09:01:54,2026-04-15,FFF,120.88,84,BK,YP,SELL,39
2026-04-15 09:01:57,2026-04-15,FFF,120.98,22,XL,KK,BUY,40
2026-04-09 09:00:00,2026-04-09,GGG,40.33,29,XL,CC,SELL,1
2026-04-09 09:00:03,2026-04-09,GGG,40.29,37,RX,YU,SELL,2
2026-04-09 09:00:06,2026-04-09,GGG,40.2,9,XL,RX,SELL,3
2026-04-09 09:00:09,2026-04-09,GGG,40.29,15,PD,XC,BUY,4
2026-04-09 09:00:12,2026-04-09,GGG,40.31,33,XC,PD,BUY,5
2026-04-09 09:00:15,2026-04-09,GGG,40.27,57,CC,YP,SELL,6
2026-04-09 09:00:18,2026-04-09,GGG,40.21,58,XC,XL,SELL,7
2026-04-09 09:00:21,2026-04-09,GGG,40.23,1,XL,XL,BUY,8
2026-04-09 09:00:24,2026-04-09,GGG,40.2,28,BK,PD,SELL,9
2026-04-09 09:00:27,2026-04-09,GGG,40.16,19,PD,RX,SELL,10
2026-04-09 09:00:30,2026-04-09,GGG,40.1,27,BK,RX,SELL,11
2026-04-09 09:00:33,2026-04-09,GGG,40.0,8,RX,PD,SELL,12
2026-04-09 09:00:36,2026-04-09,GGG,39.96,80,BK,XC,SELL,13
2026-04-09 09:00:39,2026-04-09,GGG,39.95,37,XL,XC,BUY,14
2026-04-09 09:00:42,2026-04-09,GGG,39.9,7,XL,YU,SELL,15
2026-04-09 09:00:45,2026-04-09,GGG,39.83,22,XL,XL,SELL,16
2026-04-09 09:00:48,2026-04-09,GGG,39.82,80,AI,BK,SELL,17
2026-04-09 09:00:51,2026-04-09,GGG,39.78,27,XC,YU,SELL,18
2026-04-09 09:00:54,2026-04-09,GGG,39.85,34,RX,CC,BUY,19
2026-04-09 09:00:57,2026-04-09,GGG,39.87,18,KK,AI,BUY,20
2026-04-09 09:01:00,2026-04-09,GGG,39.86,40,RX,YP,SELL,21
2026-04-09 09:01:03,2026-04-09,GGG,39.79,24,RX,PD,SELL,22
2026-04-09 09:01:06,2026-04-09,GGG,39.75,16,PD,RX,SELL,23
2026-04-09 09:01:09,2026-04-09,GGG,39.72,10,XL,KK,SELL,24
2026-04-09 09:01:12,2026-04-09,GGG,39.77,40,KK,AI,BUY,25
2026-04-09 09:01:15,2026-04-09,GGG,39.74,50,RX,BK,SELL,26
2026-04-09 09:01:18,2026-04-09,GGG,39.69,12,YP,RX,SELL,27
2026-04-09 09:01:21,2026-04-09,GGG,39.69,57,CC,KK,BUY,28
2026-04-09 09:01:24,2026-04-09,GGG,39.68,7,YP,KK,SELL,29
2026-04-09 09:01:27,2026-04-09,GGG,39.64,95,AI,PD,SELL,30
2026-04-09 09:01:30,2026-04-09,GGG,39.61,12,KK,CC,SELL,31
2026-04-09 09:01:33,2026-04-09,GGG,39.63,98,AI,BK,SELL,32
2026-04-09 09:01:36,2026-04-09,GGG,39.63,34,XC,CC,SELL,33
2026-04-09 09:01:39,2026-04-09,GGG,39.7,131,AI,BK,BUY,34
2026-04-09 09:01:42,2026-04-09,GGG,39.74,90,AI,YU,BUY,35
2026-04-09 09:01:45,2026-04-09,GGG,39.71,29,RX,BK,SELL,36
2026-04-09 09:01:48,2026-04-09,GGG,39.65,48,XC,AI,SELL,37
2026-04-09 09:01:51,2026-04-09,GGG,39.7,37,KK,AI,BUY,38
2026-04-09 09:01:54,2026-04-09,GGG,39.69,76,YU,XL,BUY,39
2026-04-09 09:01:57,2026-04-09,GGG,39.69,98,YU,AI,BUY,40
2026-04-10 09:00:00,2026-04-10,GGG,40.23,46,CC,YP,SELL,1
2026-04-10 09:00:03,2026-04-10,GGG,40.26,26,YP,PD,BUY,2
2026-04-10 09:00:06,2026-04-10,GGG,40.24,72,YP,KK,SELL,3
2026-04-10 09:00:09,2026-04-10,GGG,40.18,31,YP,KK,SELL,4
2026-04-10 09:00:12,2026-04-10,GGG,40.15,48,XL,XL,SELL,5
2026-04-10 09:00:15,2026-04-10,GGG,40.14,24,KK,PD,BUY,6
2026-04-10 09:00:18,2026-04-10,GGG,40.21,34,PD,AI,BUY,7
2026-04-10 09:00:21,2026-04-10,GGG,40.17,8,XC,KK,SELL,8
2026-04-10 09:00:24,2026-04-10,GGG,40.12,86,BK,CC,SELL,9
2026-04-10 09:00:27,2026-04-10,GGG,40.1,77,CC,CC,SELL,10
2026-04-10 09:00:30,2026-04-10,GGG,40.07,39,RX,BK,SELL,11
2026-04-10 09:00:33,2026-04-10,GGG,40.05,59,CC,YP,SELL,12
2026-04-10 09:00:36,2026-04-10,GGG,40.08,112,AI,CC,SELL,13
2026-04-10 09:00:39,2026-04-10,GGG,40.01,61,BK,YP,SELL,14
2026-04-10 09:00:42,2026-04-10,GGG,40.03,2,RX,PD,BUY,15
2026-04-10 09:00:45,2026-04-10,GGG,40.03,86,BK,AI,BUY,16
2026-04-10 09:00:48,2026-04-10,GGG,40.04,112,CC,KK,BUY,17
2026-04-10 09:00:51,2026-04-10,GGG,40.04,9,PD,RX,BUY,18
2026-04-10 09:00:54,2026-04-10,GGG,40.09,1,YP,KK,BUY,19
2026-04-10 09:00:57,2026-04-10,GGG,40.11,2,YP,CC,SELL,20
2026-04-10 09:01:00,2026-04-10,GGG,40.13,29,XC,BK,SELL,21
2026-04-10 09:01:03,2026-04-10,GGG,40.07,25,XC,YP,SELL,22
2026-04-10 09:01:06,2026-04-10,GGG,40.03,24,KK,BK,SELL,23
2026-04-10 09:01:09,2026-04-10,GGG,40.06,78,YU,BK,SELL,24
2026-04-10 09:01:12,2026-04-10,GGG,40.03,12,RX,CC,SELL,25
2026-04-10 09:01:15,2026-04-10,GGG,40.03,48,RX,CC,SELL,26
2026-04-10 09:01:18,2026-04-10,GGG,40.03,21,PD,KK,SELL,27
2026-04-10 09:01:21,2026-04-10,GGG,39.99,45,XC,AI,SELL,28
2026-04-10 09:01:24,2026-04-10,GGG,40.01,21,YP,XL,BUY,29
2026-04-10 09:01:27,2026-04-10,GGG,39.97,37,XC,YU,SELL,30
2026-04-10 09:01:30,2026-04-10,GGG,39.92,98,YU,RX,SELL,31
2026-04-10 09:01:33,2026-04-10,GGG,39.93,19,PD,YU,BUY,32
2026-04-10 09:01:36,2026-04-10,GGG,39.92,53,RX,KK,SELL,33
2026-04-10 09:01:39,2026-04-10,GGG,39.88,70,CC,YU,SELL,34
2026-04-10 09:01:42,2026-04-10,GGG,39.83,1,XL,KK,SELL,35
2026-04-10 09:01:45,2026-04-10,GGG,39.79,34,XL,RX,SELL,36
2026-04-10 09:01:48,2026-04-10,GGG,39.81,81,AI,BK,BUY,37
2026-04-10 09:01:51,2026-04-10,GGG,39.75,27,RX,YU,SELL,38
2026-04-10 09:01:54,2026-04-10,GGG,39.77,26,XL,AI,SELL,39
2026-04-10 09:01:57,2026-04-10,GGG,39.82,94,BK,YP,BUY,40
2026-04-13 09:00:00,2026-04-13,GGG,40.01,58,YU,XC,SELL,1
2026-04-13 09:00:03,2026-04-13,GGG,40.04,1,RX,RX,SELL,2
2026-04-13 09:00:06,2026-04-13,GGG,40.05,1,RX,YU,BUY,3
2026-04-13 09:00:09,2026-04-13,GGG,39.99,19,KK,XC,SELL,4
2026-04-13 09:00:12,2026-04-13,GGG,40.06,23,YP,YU,BUY,5
2026-04-13 09:00:15,2026-04-13,GGG,40.01,108,CC,KK,SELL,6
2026-04-13 09:00:18,2026-04-13,GGG,39.92,24,KK,PD,SELL,7
2026-04-13 09:00:21,2026-04-13,GGG,39.99,1,PD,XC,BUY,8
2026-04-13 09:00:24,2026-04-13,GGG,40.08,63,KK,YP,BUY,9
2026-04-13 09:00:27,2026-04-13,GGG,40.05,22,YP,XL,SELL,10
2026-04-13 09:00:30,2026-04-13,GGG,40.0,116,BK,AI,SELL,11
2026-04-13 09:00:33,2026-04-13,GGG,39.97,15,YP,XL,SELL,12
2026-04-13 09:00:36,2026-04-13,GGG,39.92,35,PD,XL,SELL,13
2026-04-13 09:00:39,2026-04-13,GGG,39.84,37,AI,CC,SELL,14
2026-04-13 09:00:42,2026-04-13,GGG,39.88,21,KK,YU,BUY,15
2026-04-13 09:00:45,2026-04-13,GGG,39.89,16,XL,XC,BUY,16
2026-04-13 09:00:48,2026-04-13,GGG,39.83,1,KK,XL,SELL,17
2026-04-13 09:00:51,2026-04-13,GGG,39.85,21,XC,CC,BUY,18
2026-04-13 09:00:54,2026-04-13,GGG,39.81,23,RX,PD,SELL,19
2026-04-13 09:00:57,2026-04-13,GGG,39.8,1,YP,CC,BUY,20
2026-04-13 09:01:00,2026-04-13,GGG,39.85,107,CC,RX,BUY,21
2026-04-13 09:01:03,2026-04-13,GGG,39.85,75,YU,KK,SELL,22
2026-04-13 09:01:06,2026-04-13,GGG,39.89,54,AI,AI,SELL,23
2026-04-13 09:01:09,2026-04-13,GGG,39.86,14,YP,PD,SELL,24
2026-04-13 09:01:12,2026-04-13,GGG,39.85,13,YP,BK,SELL,25
2026-04-13 09:01:15,2026-04-13,GGG,39.83,42,KK,PD,SELL,26
2026-04-13 09:01:18,2026-04-13,GGG,39.78,24,RX,CC,SELL,27
2026-04-13 09:01:21,2026-04-13,GGG,39.72,36,YU,PD,SELL,28
2026-04-13 09:01:24,2026-04-13,GGG,39.78,42,XC,XL,BUY,29
2026-04-13 09:01:27,2026-04-13,GGG,39.74,82,AI,KK,SELL,30
2026-04-13 09:01:30,2026-04-13,GGG,39.73,43,BK,KK,SELL,31
2026-04-13 09:01:33,2026-04-13,GGG,39.73,28,YP,XL,SELL,32
2026-04-13 09:01:36,2026-04-13,GGG,39.76,19,XL,RX,SELL,33
2026-04-13 09:01:39,2026-04-13,GGG,39.7,33,XC,XL,SELL,34
2026-04-13 09:01:42,2026-04-13,GGG,39.67,24,XC,BK,SELL,35
2026-04-13 09:01:45,2026-04-13,GGG,39.7,98,AI,XC,BUY,36
2026-04-13 09:01:48,2026-04-13,GGG,39.67,40,XL,YP,SELL,37
2026-04-13 09:01:51,2026-04-13,GGG,39.66,14,PD,KK,SELL,38
2026-04-13 09:01:54,2026-04-13,GGG,39.61,53,AI,KK,SELL,39
2026-04-13 09:01:57,2026-04-13,GGG,39.57,51,KK,YP,SELL,40
2026-04-14 09:00:00,2026-04-14,GGG,40.47,62,XC,PD,BUY,1
2026-04-14 09:00:03,2026-04-14,GGG,40.39,108,AI,AI,SELL,2
2026-04-14 09:00:06,2026-04-14,GGG,40.38,12,YP,AI,SELL,3
2026-04-14 09:00:09,2026-04-14,GGG,40.42,11,YP,RX,BUY,4
2026-04-14 09:00:12,2026-04-14,GGG,40.4,81,BK,AI,SELL,5
2026-04-14 09:00:15,2026-04-14,GGG,40.46,91,YU,PD,BUY,6
2026-04-14 09:00:18,2026-04-14,GGG,40.46,1,YP,YP,SELL,7
2026-04-14 09:00:21,2026-04-14,GGG,40.46,38,XC,XL,BUY,8
2026-04-14 09:00:24,2026-04-14,GGG,40.49,68,BK,RX,BUY,9
2026-04-14 09:00:27,2026-04-14,GGG,40.43,68,YU,XC,SELL,10
2026-04-14 09:00:30,2026-04-14,GGG,40.44,44,RX,KK,BUY,11
2026-04-14 09:00:33,2026-04-14,GGG,40.42,62,BK,YU,BUY,12
2026-04-14 09:00:36,2026-04-14,GGG,40.39,1,KK,PD,SELL,13
2026-04-14 09:00:39,2026-04-14,GGG,40.41,30,YP,CC,BUY,14
2026-04-14 09:00:42,2026-04-14,GGG,40.35,102,CC,KK,SELL,15
2026-04-14 09:00:45,2026-04-14,GGG,40.4,57,RX,YP,BUY,16
2026-04-14 09:00:48,2026-04-14,GGG,40.5,13,XL,KK,BUY,17
2026-04-14 09:00:51,2026-04-14,GGG,40.45,81,BK,AI,SELL,18
2026-04-14 09:00:54,2026-04-14,GGG,40.48,54,XC,CC,BUY,19
2026-04-14 09:00:57,2026-04-14,GGG,40.42,76,YU,BK,SELL,20
2026-04-14 09:01:00,2026-04-14,GGG,40.35,99,AI,RX,SELL,21
2026-04-14 09:01:03,2026-04-14,GGG,40.35,36,PD,AI,SELL,22
2026-04-14 09:01:06,2026-04-14,GGG,40.36,68,BK,AI,BUY,23
2026-04-14 09:01:09,2026-04-14,GGG,40.36,44,YU,XC,SELL,24
2026-04-14 09:01:12,2026-04-14,GGG,40.27,81,YU,XC,SELL,25
2026-04-14 09:01:15,2026-04-14,GGG,40.3,91,BK,AI,BUY,26
2026-04-14 09:01:18,2026-04-14,GGG,40.36,23,XL,PD,BUY,27
2026-04-14 09:01:21,2026-04-14,GGG,40.3,32,KK,YP,SELL,28
2026-04-14 09:01:24,2026-04-14,GGG,40.33,76,AI,PD,BUY,29
2026-04-14 09:01:27,2026-04-14,GGG,40.27,10,XC,XL,SELL,30
2026-04-14 09:01:30,2026-04-14,GGG,40.27,76,YU,PD,SELL,31
2026-04-14 09:01:33,2026-04-14,GGG,40.21,79,AI,PD,SELL,32
2026-04-14 09:01:36,2026-04-14,GGG,40.21,93,AI,CC,SELL,33
2026-04-14 09:01:39,2026-04-14,GGG,40.21,1,KK,KK,SELL,34
2026-04-14 09:01:42,2026-04-14,GGG,40.21,17,PD,YP,SELL,35
2026-04-14 09:01:45,2026-04-14,GGG,40.21,91,YU,BK,SELL,36
2026-04-14 09:01:48,2026-04-14,GGG,40.16,80,CC,KK,SELL,37
2026-04-14 09:01:51,2026-04-14,GGG,40.12,68,CC,BK,SELL,38
2026-04-14 09:01:54,2026-04-14,GGG,40.1,71,BK,PD,SELL,39
2026-04-14 09:01:57,2026-04-14,GGG,40.11,64,BK,AI,BUY,40
2026-04-15 09:00:00,2026-04-15,GGG,40.83,39,CC,PD,BUY,1
2026-04-15 09:00:03,2026-04-15,GGG,40.88,72,AI,AI,BUY,2
2026-04-15 09:00:06,2026-04-15,GGG,40.84,12,XC,CC,SELL,3
2026-04-15 09:00:09,2026-04-15,GGG,40.87,89,CC,RX,BUY,4
2026-04-15 09:00:12,2026-04-15,GGG,40.81,53,YU,KK,SELL,5
2026-04-15 09:00:15,2026-04-15,GGG,40.85,1,KK,YU,SELL,6
2026-04-15 09:00:18,2026-04-15,GGG,40.83,23,XC,XC,SELL,7
2026-04-15 09:00:21,2026-04-15,GGG,40.81,2,RX,CC,SELL,8
2026-04-15 09:00:24,2026-04-15,GGG,40.86,14,YP,KK,BUY,9
2026-04-15 09:00:27,2026-04-15,GGG,40.83,21,PD,CC,SELL,10
2026-04-15 09:00:30,2026-04-15,GGG,40.75,37,XL,RX,SELL,11
2026-04-15 09:00:33,2026-04-15,GGG,40.73,95,BK,RX,SELL,12
2026-04-15 09:00:36,2026-04-15,GGG,40.73,82,AI,PD,SELL,13
2026-04-15 09:00:39,2026-04-15,GGG,40.66,67,CC,BK,SELL,14
2026-04-15 09:00:42,2026-04-15,GGG,40.65,1,RX,KK,SELL,15
2026-04-15 09:00:45,2026-04-15,GGG,40.64,83,YU,YU,SELL,16
2026-04-15 09:00:48,2026-04-15,GGG,40.68,24,YP,XC,SELL,17
2026-04-15 09:00:51,2026-04-15,GGG,40.65,83,AI,YP,SELL,18
2026-04-15 09:00:54,2026-04-15,GGG,40.68,7,KK,RX,SELL,19
2026-04-15 09:00:57,2026-04-15,GGG,40.67,20,YP,XL,SELL,20
2026-04-15 09:01:00,2026-04-15,GGG,40.71,111,CC,PD,BUY,21
2026-04-15 09:01:03,2026-04-15,GGG,40.74,32,PD,YU,BUY,22
2026-04-15 09:01:06,2026-04-15,GGG,40.69,39,KK,PD,SELL,23
2026-04-15 09:01:09,2026-04-15,GGG,40.71,13,KK,KK,BUY,24
2026-04-15 09:01:12,2026-04-15,GGG,40.68,22,XC,XL,BUY,25
2026-04-15 09:01:15,2026-04-15,GGG,40.71,32,XC,AI,BUY,26
2026-04-15 09:01:18,2026-04-15,GGG,40.72,20,YP,YU,SELL,27
2026-04-15 09:01:21,2026-04-15,GGG,40.72,92,YU,YP,BUY,28
2026-04-15 09:01:24,2026-04-15,GGG,40.72,96,AI,PD,SELL,29
2026-04-15 09:01:27,2026-04-15,GGG,40.72,64,AI,PD,BUY,30
2026-04-15 09:01:30,2026-04-15,GGG,40.73,45,KK,KK,BUY,31
2026-04-15 09:01:33,2026-04-15,GGG,40.76,50,PD,PD,SELL,32
2026-04-15 09:01:36,2026-04-15,GGG,40.73,73,PD,AI,SELL,33
2026-04-15 09:01:39,2026-04-15,GGG,40.67,92,CC,CC,SELL,34
2026-04-15 09:01:42,2026-04-15,GGG,40.61,36,KK,CC,SELL,35
2026-04-15 09:01:45,2026-04-15,GGG,40.65,59,XC,PD,BUY,36
2026-04-15 09:01:48,2026-04-15,GGG,40.68,102,BK,XL,BUY,37
2026-04-15 09:01:51,2026-04-15,GGG,40.7,23,XC,RX,BUY,38
2026-04-15 09:01:54,2026-04-15,GGG,40.74,18,RX,RX,BUY,39
2026-04-15 09:01:57,2026-04-15,GGG,40.73,77,XC,PD,SELL,40
2026-04-09 09:00:00,2026-04-09,HHH,155.84,65,CC,AI,BUY,1
2026-04-09 09:00:03,2026-04-09,HHH,155.67,44,PD,AI,SELL,2
2026-04-09 09:00:06,2026-04-09,HHH,155.93,131,CC,RX,BUY,3
2026-04-09 09:00:09,2026-04-09,HHH,156.12,34,BK,XC,BUY,4
2026-04-09 09:00:12,2026-04-09,HHH,156.17,66,BK,YP,SELL,5
2026-04-09 09:00:15,2026-04-09,HHH,156.34,67,BK,BK,BUY,6
2026-04-09 09:00:18,2026-04-09,HHH,156.41,50,CC,XL,BUY,7
2026-04-09 09:00:21,2026-04-09,HHH,156.51,66,AI,XC,BUY,8
2026-04-09 09:00:24,2026-04-09,HHH,156.26,20,YP,CC,SELL,9
2026-04-09 09:00:27,2026-04-09,HHH,156.43,120,CC,XL,BUY,10
2026-04-09 09:00:30,2026-04-09,HHH,156.64,97,YU,AI,BUY,11
2026-04-09 09:00:33,2026-04-09,HHH,157.04,107,YU,RX,BUY,12
2026-04-09 09:00:36,2026-04-09,HHH,157.0,92,CC,KK,SELL,13
2026-04-09 09:00:39,2026-04-09,HHH,157.12,61,CC,XL,BUY,14
2026-04-09 09:00:42,2026-04-09,HHH,157.05,88,CC,CC,SELL,15
2026-04-09 09:00:45,2026-04-09,HHH,157.09,66,AI,YU,BUY,16
2026-04-09 09:00:48,2026-04-09,HHH,156.89,82,CC,XC,SELL,17
2026-04-09 09:00:51,2026-04-09,HHH,156.73,69,AI,AI,SELL,18
2026-04-09 09:00:54,2026-04-09,HHH,156.6,45,XL,AI,SELL,19
2026-04-09 09:00:57,2026-04-09,HHH,156.41,69,AI,CC,SELL,20
2026-04-09 09:01:00,2026-04-09,HHH,156.33,44,BK,YU,SELL,21
2026-04-09 09:01:03,2026-04-09,HHH,156.39,85,YU,XL,BUY,22
2026-04-09 09:01:06,2026-04-09,HHH,156.3,34,XL,CC,SELL,23
2026-04-09 09:01:09,2026-04-09,HHH,156.15,80,CC,XC,SELL,24
2026-04-09 09:01:12,2026-04-09,HHH,156.38,84,CC,PD,BUY,25
2026-04-09 09:01:15,2026-04-09,HHH,156.33,9,RX,CC,SELL,26
2026-04-09 09:01:18,2026-04-09,HHH,156.5,69,BK,CC,BUY,27
2026-04-09 09:01:21,2026-04-09,HHH,156.38,31,YP,YP,SELL,28
2026-04-09 09:01:24,2026-04-09,HHH,156.31,103,BK,XC,SELL,29
2026-04-09 09:01:27,2026-04-09,HHH,156.54,61,AI,YP,BUY,30
2026-04-09 09:01:30,2026-04-09,HHH,156.13,18,YP,YP,SELL,31
2026-04-09 09:01:33,2026-04-09,HHH,156.24,74,BK,YU,BUY,32
2026-04-09 09:01:36,2026-04-09,HHH,156.08,19,RX,RX,SELL,33
2026-04-09 09:01:39,2026-04-09,HHH,156.06,103,AI,XL,SELL,34
2026-04-09 09:01:42,2026-04-09,HHH,156.35,69,BK,KK,BUY,35
2026-04-09 09:01:45,2026-04-09,HHH,156.29,1,XL,RX,SELL,36
2026-04-09 09:01:48,2026-04-09,HHH,156.37,91,AI,YP,BUY,37
2026-04-09 09:01:51,2026-04-09,HHH,156.35,82,BK,YU,SELL,38
2026-04-09 09:01:54,2026-04-09,HHH,156.25,22,KK,XC,SELL,39
2026-04-09 09:01:57,2026-04-09,HHH,156.32,95,CC,YP,BUY,40
2026-04-10 09:00:00,2026-04-10,HHH,155.51,64,BK,YP,BUY,1
2026-04-10 09:00:03,2026-04-10,HHH,155.74,83,CC,RX,BUY,2
2026-04-10 09:00:06,2026-04-10,HHH,155.68,6,XL,BK,SELL,3
2026-04-10 09:00:09,2026-04-10,HHH,155.53,90,CC,XC,SELL,4
2026-04-10 09:00:12,2026-04-10,HHH,155.37,77,CC,BK,SELL,5
2026-04-10 09:00:15,2026-04-10,HHH,155.51,82,AI,BK,BUY,6
2026-04-10 09:00:18,2026-04-10,HHH,155.41,1,XC,BK,SELL,7
2026-04-10 09:00:21,2026-04-10,HHH,155.78,74,BK,PD,BUY,8
2026-04-10 09:00:24,2026-04-10,HHH,155.71,80,CC,PD,BUY,9
2026-04-10 09:00:27,2026-04-10,HHH,155.7,70,BK,RX,BUY,10
2026-04-10 09:00:30,2026-04-10,HHH,155.51,51,AI,YP,SELL,11
2026-04-10 09:00:33,2026-04-10,HHH,155.64,72,BK,RX,BUY,12
2026-04-10 09:00:36,2026-04-10,HHH,155.73,98,BK,YU,BUY,13
2026-04-10 09:00:39,2026-04-10,HHH,155.65,42,CC,RX,SELL,14
2026-04-10 09:00:42,2026-04-10,HHH,155.7,56,PD,BK,SELL,15
2026-04-10 09:00:45,2026-04-10,HHH,155.73,98,AI,AI,SELL,16
2026-04-10 09:00:48,2026-04-10,HHH,155.7,27,XL,BK,SELL,17
2026-04-10 09:00:51,2026-04-10,HHH,155.92,120,CC,PD,BUY,18
2026-04-10 09:00:54,2026-04-10,HHH,155.73,1,RX,BK,SELL,19
2026-04-10 09:00:57,2026-04-10,HHH,155.79,81,BK,XL,BUY,20
2026-04-10 09:01:00,2026-04-10,HHH,155.92,74,AI,XL,BUY,21
2026-04-10 09:01:03,2026-04-10,HHH,155.95,10,RX,RX,SELL,22
2026-04-10 09:01:06,2026-04-10,HHH,156.03,34,YU,YP,BUY,23
2026-04-10 09:01:09,2026-04-10,HHH,155.94,100,YU,PD,BUY,24
2026-04-10 09:01:12,2026-04-10,HHH,155.75,1,RX,BK,SELL,25
2026-04-10 09:01:15,2026-04-10,HHH,155.47,9,PD,XL,SELL,26
2026-04-10 09:01:18,2026-04-10,HHH,155.39,83,BK,BK,SELL,27
2026-04-10 09:01:21,2026-04-10,HHH,155.33,53,XC,PD,SELL,28
2026-04-10 09:01:24,2026-04-10,HHH,155.68,107,AI,YU,BUY,29
2026-04-10 09:01:27,2026-04-10,HHH,155.49,29,KK,PD,SELL,30
2026-04-10 09:01:30,2026-04-10,HHH,155.41,17,YP,XC,SELL,31
2026-04-10 09:01:33,2026-04-10,HHH,155.42,33,RX,KK,SELL,32
2026-04-10 09:01:36,2026-04-10,HHH,155.37,95,YU,BK,SELL,33
2026-04-10 09:01:39,2026-04-10,HHH,155.54,89,BK,KK,BUY,34
2026-04-10 09:01:42,2026-04-10,HHH,155.47,34,YP,BK,SELL,35
2026-04-10 09:01:45,2026-04-10,HHH,155.38,31,XC,AI,SELL,36
2026-04-10 09:01:48,2026-04-10,HHH,155.29,96,YU,XC,SELL,37
2026-04-10 09:01:51,2026-04-10,HHH,155.17,92,AI,BK,SELL,38
2026-04-10 09:01:54,2026-04-10,HHH,155.33,66,CC,CC,BUY,39
2026-04-10 09:01:57,2026-04-10,HHH,155.41,1,PD,BK,SELL,40
2026-04-13 09:00:00,2026-04-13,HHH,153.1,76,AI,RX,BUY,1
2026-04-13 09:00:03,2026-04-13,HHH,152.92,48,AI,YU,SELL,2
2026-04-13 09:00:06,2026-04-13,HHH,152.77,67,CC,PD,BUY,3
2026-04-13 09:00:09,2026-04-13,HHH,152.5,52,XL,KK,SELL,4
2026-04-13 09:00:12,2026-04-13,HHH,152.62,89,YU,PD,BUY,5
2026-04-13 09:00:15,2026-04-13,HHH,152.82,87,AI,PD,BUY,6
2026-04-13 09:00:18,2026-04-13,HHH,152.85,69,CC,YP,BUY,7
2026-04-13 09:00:21,2026-04-13,HHH,152.76,19,XL,BK,SELL,8
2026-04-13 09:00:24,2026-04-13,HHH,152.88,89,BK,KK,BUY,9
2026-04-13 09:00:27,2026-04-13,HHH,152.59,11,XL,KK,SELL,10
2026-04-13 09:00:30,2026-04-13,HHH,152.49,74,AI,XL,SELL,11
2026-04-13 09:00:33,2026-04-13,HHH,152.68,84,CC,CC,BUY,12
2026-04-13 09:00:36,2026-04-13,HHH,152.92,85,CC,BK,BUY,13
2026-04-13 09:00:39,2026-04-13,HHH,152.95,1,RX,YP,SELL,14
2026-04-13 09:00:42,2026-04-13,HHH,153.02,73,YU,BK,BUY,15
2026-04-13 09:00:45,2026-04-13,HHH,152.76,17,RX,RX,SELL,16
2026-04-13 09:00:48,2026-04-13,HHH,153.09,53,CC,XL,BUY,17
2026-04-13 09:00:51,2026-04-13,HHH,152.84,15,PD,XC,SELL,18
2026-04-13 09:00:54,2026-04-13,HHH,152.7,32,YP,XL,SELL,19
2026-04-13 09:00:57,2026-04-13,HHH,153.0,67,CC,XL,BUY,20
2026-04-13 09:01:00,2026-04-13,HHH,153.31,58,AI,RX,BUY,21
2026-04-13 09:01:03,2026-04-13,HHH,153.45,93,AI,YP,BUY,22
2026-04-13 09:01:06,2026-04-13,HHH,153.21,48,YP,YP,SELL,23
2026-04-13 09:01:09,2026-04-13,HHH,153.22,80,YU,YP,BUY,24
2026-04-13 09:01:12,2026-04-13,HHH,153.37,81,BK,BK,BUY,25
2026-04-13 09:01:15,2026-04-13,HHH,153.19,77,BK,YP,SELL,26
2026-04-13 09:01:18,2026-04-13,HHH,153.08,3,PD,CC,SELL,27
2026-04-13 09:01:21,2026-04-13,HHH,153.07,78,YU,RX,BUY,28
2026-04-13 09:01:24,2026-04-13,HHH,153.31,75,BK,AI,BUY,29
2026-04-13 09:01:27,2026-04-13,HHH,153.56,111,BK,YU,BUY,30
2026-04-13 09:01:30,2026-04-13,HHH,153.33,80,BK,XL,SELL,31
2026-04-13 09:01:33,2026-04-13,HHH,153.51,87,CC,YP,BUY,32
2026-04-13 09:01:36,2026-04-13,HHH,153.28,23,RX,KK,SELL,33
2026-04-13 09:01:39,2026-04-13,HHH,153.06,58,YU,PD,SELL,34
2026-04-13 09:01:42,2026-04-13,HHH,153.04,27,XL,YP,SELL,35
2026-04-13 09:01:45,2026-04-13,HHH,152.79,18,XC,CC,SELL,36
2026-04-13 09:01:48,2026-04-13,HHH,152.73,60,AI,CC,SELL,37
2026-04-13 09:01:51,2026-04-13,HHH,152.44,106,AI,PD,SELL,38
2026-04-13 09:01:54,2026-04-13,HHH,152.28,24,PD,AI,SELL,39
2026-04-13 09:01:57,2026-04-13,HHH,152.41,90,AI,PD,BUY,40
2026-04-14 09:00:00,2026-04-14,HHH,156.64,102,YU,AI,SELL,1
2026-04-14 09:00:03,2026-04-14,HHH,156.68,89,YU,PD,SELL,2
2026-04-14 09:00:06,2026-04-14,HHH,156.84,83,BK,XL,BUY,3
2026-04-14 09:00:09,2026-04-14,HHH,156.9,68,AI,CC,BUY,4
2026-04-14 09:00:12,2026-04-14,HHH,157.01,24,XC,KK,SELL,5
2026-04-14 09:00:15,2026-04-14,HHH,157.18,116,AI,BK,BUY,6
2026-04-14 09:00:18,2026-04-14,HHH,157.11,31,RX,YP,SELL,7
2026-04-14 09:00:21,2026-04-14,HHH,157.21,25,KK,RX,SELL,8
2026-04-14 09:00:24,2026-04-14,HHH,157.37,47,CC,XL,BUY,9
2026-04-14 09:00:27,2026-04-14,HHH,157.12,8,XC,XC,SELL,10
2026-04-14 09:00:30,2026-04-14,HHH,157.39,94,BK,AI,BUY,11
2026-04-14 09:00:33,2026-04-14,HHH,157.41,50,CC,XL,BUY,12
2026-04-14 09:00:36,2026-04-14,HHH,157.64,100,BK,CC,BUY,13
2026-04-14 09:00:39,2026-04-14,HHH,157.32,46,YU,YU,SELL,14
2026-04-14 09:00:42,2026-04-14,HHH,157.2,92,BK,KK,BUY,15
2026-04-14 09:00:45,2026-04-14,HHH,157.3,57,BK,YU,BUY,16
2026-04-14 09:00:48,2026-04-14,HHH,157.47,37,BK,YU,BUY,17
2026-04-14 09:00:51,2026-04-14,HHH,157.63,106,BK,CC,BUY,18
2026-04-14 09:00:54,2026-04-14,HHH,157.48,52,CC,KK,SELL,19
2026-04-14 09:00:57,2026-04-14,HHH,157.5,45,CC,XL,BUY,20
2026-04-14 09:01:00,2026-04-14,HHH,157.19,83,YU,YU,SELL,21
2026-04-14 09:01:03,2026-04-14,HHH,156.74,40,KK,RX,SELL,22
2026-04-14 09:01:06,2026-04-14,HHH,156.68,94,YU,BK,BUY,23
2026-04-14 09:01:09,2026-04-14,HHH,156.79,106,CC,YU,BUY,24
2026-04-14 09:01:12,2026-04-14,HHH,156.52,74,AI,CC,SELL,25
2026-04-14 09:01:15,2026-04-14,HHH,156.52,75,BK,KK,BUY,26
2026-04-14 09:01:18,2026-04-14,HHH,156.24,109,CC,YP,SELL,27
2026-04-14 09:01:21,2026-04-14,HHH,156.05,59,XL,CC,SELL,28
2026-04-14 09:01:24,2026-04-14,HHH,156.23,97,YU,KK,BUY,29
2026-04-14 09:01:27,2026-04-14,HHH,156.28,68,AI,AI,BUY,30
2026-04-14 09:01:30,2026-04-14,HHH,156.15,95,AI,YU,BUY,31
2026-04-14 09:01:33,2026-04-14,HHH,155.88,76,AI,YP,SELL,32
2026-04-14 09:01:36,2026-04-14,HHH,156.11,66,AI,YP,BUY,33
2026-04-14 09:01:39,2026-04-14,HHH,156.24,90,YU,YP,BUY,34
2026-04-14 09:01:42,2026-04-14,HHH,156.05,80,YU,KK,SELL,35
2026-04-14 09:01:45,2026-04-14,HHH,156.03,47,PD,RX,SELL,36
2026-04-14 09:01:48,2026-04-14,HHH,155.78,59,CC,PD,SELL,37
2026-04-14 09:01:51,2026-04-14,HHH,155.55,23,XL,CC,SELL,38
2026-04-14 09:01:54,2026-04-14,HHH,155.34,88,CC,PD,SELL,39
2026-04-14 09:01:57,2026-04-14,HHH,155.31,69,AI,CC,BUY,40
2026-04-15 09:00:00,2026-04-15,HHH,155.75,20,XL,RX,SELL,1
2026-04-15 09:00:03,2026-04-15,HHH,155.67,100,AI,YU,SELL,2
2026-04-15 09:00:06,2026-04-15,HHH,155.7,62,AI,RX,BUY,3
2026-04-15 09:00:09,2026-04-15,HHH,155.54,1,YP,YU,SELL,4
2026-04-15 09:00:12,2026-04-15,HHH,155.22,82,CC,XL,SELL,5
2026-04-15 09:00:15,2026-04-15,HHH,155.07,119,CC,CC,SELL,6
2026-04-15 09:00:18,2026-04-15,HHH,154.98,42,YP,XC,SELL,7
2026-04-15 09:00:21,2026-04-15,HHH,154.88,26,XL,YU,SELL,8
2026-04-15 09:00:24,2026-04-15,HHH,154.65,31,RX,BK,SELL,9
2026-04-15 09:00:27,2026-04-15,HHH,154.4,31,PD,AI,SELL,10
2026-04-15 09:00:30,2026-04-15,HHH,154.5,73,YU,RX,BUY,11
2026-04-15 09:00:33,2026-04-15,HHH,154.67,96,CC,PD,BUY,12
2026-04-15 09:00:36,2026-04-15,HHH,154.65,106,CC,YU,SELL,13
2026-04-15 09:00:39,2026-04-15,HHH,154.68,85,AI,BK,BUY,14
2026-04-15 09:00:42,2026-04-15,HHH,154.57,65,XL,BK,SELL,15
2026-04-15 09:00:45,2026-04-15,HHH,154.58,26,RX,BK,SELL,16
2026-04-15 09:00:48,2026-04-15,HHH,154.25,48,XL,AI,SELL,17
2026-04-15 09:00:51,2026-04-15,HHH,154.13,1,XL,RX,SELL,18
2026-04-15 09:00:54,2026-04-15,HHH,153.82,24,PD,BK,SELL,19
2026-04-15 09:00:57,2026-04-15,HHH,153.74,16,XL,XC,SELL,20
2026-04-15 09:01:00,2026-04-15,HHH,153.83,62,AI,BK,BUY,21
2026-04-15 09:01:03,2026-04-15,HHH,153.71,56,CC,AI,SELL,22
2026-04-15 09:01:06,2026-04-15,HHH,153.9,86,BK,BK,BUY,23
2026-04-15 09:01:09,2026-04-15,HHH,153.78,98,BK,XC,SELL,24
2026-04-15 09:01:12,2026-04-15,HHH,153.59,78,AI,KK,SELL,25
2026-04-15 09:01:15,2026-04-15,HHH,153.44,108,YU,YU,SELL,26
2026-04-15 09:01:18,2026-04-15,HHH,153.4,11,XL,KK,SELL,27
2026-04-15 09:01:21,2026-04-15,HHH,153.27,1,XC,XL,SELL,28
2026-04-15 09:01:24,2026-04-15,HHH,152.97,77,YU,KK,SELL,29
2026-04-15 09:01:27,2026-04-15,HHH,153.12,68,AI,CC,BUY,30
2026-04-15 09:01:30,2026-04-15,HHH,152.94,106,AI,XL,SELL,31
2026-04-15 09:01:33,2026-04-15,HHH,153.18,65,YU,YP,BUY,32
2026-04-15 09:01:36,2026-04-15,HHH,153.28,83,YU,XL,BUY,33
2026-04-15 09:01:39,2026-04-15,HHH,153.56,80,YU,YP,BUY,34
2026-04-15 09:01:42,2026-04-15,HHH,153.63,60,CC,RX,BUY,35
2026-04-15 09:01:45,2026-04-15,HHH,153.65,60,BK,XL,BUY,36
2026-04-15 09:01:48,2026-04-15,HHH,153.39,75,BK,AI,SELL,37
2026-04-15 09:01:51,2026-04-15,HHH,153.6,101,YU,YP,BUY,38
2026-04-15 09:01:54,2026-04-15,HHH,153.59,73,AI,BK,SELL,39
2026-04-15 09:01:57,2026-04-15,HHH,153.42,30,XL,BK,SELL,40
