date,ticker,foreign_buy_lot,foreign_sell_lot,foreign_ownership_pct
2025-08-01,AAA,314,177,10.137
2025-08-01,BBB,435,104,11.131
2025-08-01,CCC,234,359,11.475
2025-08-01,DDD,118,272,12.246
2025-08-01,EEE,355,210,13.345
2025-08-01,FFF,278,457,13.821
2025-08-01,GGG,155,430,14.525
2025-08-01,HHH,354,322,15.632
2025-08-04,AAA,393,261,10.137
2025-08-04,BBB,520,142,11.183
2025-08-04,CCC,190,161,11.634
2025-08-04,DDD,139,277,12.267
2025-08-04,EEE,298,276,13.227
2025-08-04,FFF,121,319,13.807
2025-08-04,GGG,178,508,14.475
2025-08-04,HHH,351,195,15.761
2025-08-05,AAA,494,211,10.293
2025-08-05,BBB,361,323,10.848
2025-08-05,CCC,55,338,11.327
2025-08-05,DDD,48,347,12.111
2025-08-05,EEE,429,143,13.496
2025-08-05,FFF,106,315,13.801
2025-08-05,GGG,190,498,14.502
2025-08-05,HHH,384,307,15.687
2025-08-06,AAA,410,268,10.157
2025-08-06,BBB,550,209,11.156
2025-08-06,CCC,229,296,11.548
2025-08-06,DDD,148,453,12.11
2025-08-06,EEE,384,343,13.256
2025-08-06,FFF,236,409,13.842
2025-08-06,GGG,102,379,14.538
2025-08-06,HHH,533,297,15.851
2025-08-07,AAA,368,214,10.174
2025-08-07,BBB,402,103,11.119
2025-08-07,CCC,284,311,11.593
2025-08-07,DDD,243,450,12.213
2025-08-07,EEE,437,153,13.504
2025-08-07,FFF,229,296,13.953
2025-08-07,GGG,192,491,14.521
2025-08-07,HHH,407,244,15.783
2025-08-08,AAA,274,258,10.041
2025-08-08,BBB,345,252,10.918
2025-08-08,CCC,135,293,11.467
2025-08-08,DDD,259,211,12.473
2025-08-08,EEE,361,235,13.351
2025-08-08,FFF,196,270,13.951
2025-08-08,GGG,161,363,14.623
2025-08-08,HHH,517,255,15.887
2025-08-11,AAA,437,131,10.336
2025-08-11,BBB,357,164,11.023
2025-08-11,CCC,115,252,11.493
2025-08-11,DDD,221,287,12.364
2025-08-11,EEE,296,291,13.235
2025-08-11,FFF,234,330,13.934
2025-08-11,GGG,204,490,14.544
2025-08-11,HHH,330,375,15.585
2025-08-12,AAA,420,224,10.231
2025-08-12,BBB,436,229,11.042
2025-08-12,CCC,119,373,11.381
2025-08-12,DDD,119,215,12.339
2025-08-12,EEE,472,166,13.541
2025-08-12,FFF,175,405,13.805
2025-08-12,GGG,181,505,14.511
2025-08-12,HHH,334,247,15.722
2025-08-13,AAA,314,241,10.113
2025-08-13,BBB,363,171,11.032
2025-08-13,CCC,201,225,11.616
2025-08-13,DDD,210,388,12.262
2025-08-13,EEE,457,311,13.386
2025-08-13,FFF,176,260,13.956
2025-08-13,GGG,176,439,14.577
2025-08-13,HHH,306,373,15.573
2025-08-14,AAA,375,262,10.158
2025-08-14,BBB,470,23,11.292
2025-08-14,CCC,99,270,11.474
2025-08-14,DDD,188,254,12.379
2025-08-14,EEE,423,225,13.443
2025-08-14,FFF,147,319,13.873
2025-08-14,GGG,77,397,14.525
2025-08-14,HHH,426,225,15.846
2025-08-15,AAA,406,237,10.219
2025-08-15,BBB,330,116,11.064
2025-08-15,CCC,239,406,11.483
2025-08-15,DDD,320,350,12.42
2025-08-15,EEE,455,129,13.576
2025-08-15,FFF,131,350,13.831
2025-08-15,GGG,125,486,14.489
2025-08-15,HHH,490,291,15.849
2025-08-18,AAA,383,191,10.247
2025-08-18,BBB,427,262,11.02
2025-08-18,CCC,204,255,11.604
2025-08-18,DDD,103,389,12.169
2025-08-18,EEE,552,292,13.515
2025-08-18,FFF,347,273,14.129
2025-08-18,GGG,208,349,14.714
2025-08-18,HHH,476,346,15.785
2025-08-19,AAA,340,140,10.26
2025-08-19,BBB,350,242,10.968
2025-08-19,CCC,155,289,11.526
2025-08-19,DDD,115,329,12.246
2025-08-19,EEE,400,208,13.452
2025-08-19,FFF,71,401,13.73
2025-08-19,GGG,94,483,14.471
2025-08-19,HHH,411,296,15.775
2025-08-20,AAA,366,287,10.144
2025-08-20,BBB,314,299,10.88
2025-08-20,CCC,57,263,11.459
2025-08-20,DDD,201,423,12.243
2025-08-20,EEE,601,90,13.776
2025-08-20,FFF,112,352,13.825
2025-08-20,GGG,253,491,14.627
2025-08-20,HHH,538,352,15.851
2025-08-21,AAA,350,119,10.301
2025-08-21,BBB,341,254,10.957
2025-08-21,CCC,202,108,11.764
2025-08-21,DDD,168,312,12.326
2025-08-21,EEE,369,208,13.431
2025-08-21,FFF,51,343,13.778
2025-08-21,GGG,22,415,14.477
2025-08-21,HHH,536,250,15.956
2025-08-22,AAA,312,246,10.141
2025-08-22,BBB,434,374,10.935
2025-08-22,CCC,128,349,11.454
2025-08-22,DDD,79,349,12.205
2025-08-22,EEE,421,177,13.519
2025-08-22,FFF,267,346,13.996
2025-08-22,GGG,239,489,14.625
2025-08-22,HHH,411,311,15.775
2025-08-25,AAA,423,292,10.211
2025-08-25,BBB,318,230,10.968
2025-08-25,CCC,191,257,11.614
2025-08-25,DDD,130,488,12.122
2025-08-25,EEE,402,198,13.484
2025-08-25,FFF,192,398,13.874
2025-08-25,GGG,17,388,14.509
2025-08-25,HHH,380,370,15.69
2025-08-26,AAA,414,196,10.303
2025-08-26,BBB,353,162,11.076
2025-08-26,CCC,218,215,11.688
2025-08-26,DDD,23,221,12.287
2025-08-26,EEE,400,314,13.371
2025-08-26,FFF,111,289,13.907
2025-08-26,GGG,86,480,14.491
2025-08-26,HHH,382,370,15.697
2025-08-27,AAA,335,169,10.256
2025-08-27,BBB,426,164,11.152
2025-08-27,CCC,124,390,11.424
2025-08-27,DDD,144,380,12.254
2025-08-27,EEE,301,243,13.348
2025-08-27,FFF,224,224,14.09
2025-08-27,GGG,161,339,14.712
2025-08-27,HHH,509,295,15.904
2025-08-28,AAA,340,148,10.287
2025-08-28,BBB,505,241,11.159
2025-08-28,CCC,248,343,11.6
2025-08-28,DDD,168,339,12.324
2025-08-28,EEE,383,239,13.439
2025-08-28,FFF,57,321,13.831
2025-08-28,GGG,216,458,14.653
2025-08-28,HHH,421,347,15.769
2025-08-29,AAA,317,186,10.231
2025-08-29,BBB,466,7,11.359
2025-08-29,CCC,218,403,11.515
2025-08-29,DDD,198,439,12.259
2025-08-29,EEE,430,276,13.454
2025-08-29,FFF,260,313,14.047
2025-08-29,GGG,48,467,14.481
2025-08-29,HHH,474,269,15.905
2025-09-01,AAA,324,142,10.287
2025-09-01,BBB,517,188,11.234
2025-09-01,CCC,112,271,11.546
2025-09-01,DDD,197,289,12.413
2025-09-01,EEE,434,190,13.549
2025-09-01,FFF,160,335,13.93
2025-09-01,GGG,289,419,14.775
2025-09-01,HHH,283,430,15.558
2025-09-02,AAA,494,193,10.411
2025-09-02,BBB,451,228,11.133
2025-09-02,CCC,227,214,11.723
2025-09-02,DDD,194,450,12.254
2025-09-02,EEE,371,152,13.529
2025-09-02,FFF,198,260,14.048
2025-09-02,GGG,262,399,14.773
2025-09-02,HHH,231,376,15.565
2025-09-03,AAA,435,309,10.241
2025-09-03,BBB,344,172,11.087
2025-09-03,CCC,154,426,11.443
2025-09-03,DDD,129,322,12.322
2025-09-03,EEE,433,189,13.559
2025-09-03,FFF,236,392,13.959
2025-09-03,GGG,41,602,14.354
2025-09-03,HHH,404,339,15.78
2025-09-04,AAA,498,203,10.415
2025-09-04,BBB,483,308,11.095
2025-09-04,CCC,141,412,11.449
2025-09-04,DDD,273,296,12.497
2025-09-04,EEE,444,263,13.501
2025-09-04,FFF,33,253,13.9
2025-09-04,GGG,182,422,14.68
2025-09-04,HHH,455,242,15.933
2025-09-05,AAA,386,160,10.351
2025-09-05,BBB,448,269,11.104
2025-09-05,CCC,169,349,11.545
2025-09-05,DDD,274,313,12.486
2025-09-05,EEE,458,302,13.481
2025-09-05,FFF,115,242,13.998
2025-09-05,GGG,77,507,14.495
2025-09-05,HHH,399,443,15.681
2025-09-08,AAA,375,271,10.234
2025-09-08,BBB,406,152,11.184
2025-09-08,CCC,160,424,11.466
2025-09-08,DDD,41,412,12.159
2025-09-08,EEE,378,219,13.489
2025-09-08,FFF,139,351,13.918
2025-09-08,GGG,196,482,14.644
2025-09-08,HHH,380,102,16.008
2025-09-09,AAA,408,219,10.324
2025-09-09,BBB,434,303,11.066
2025-09-09,CCC,177,360,11.552
2025-09-09,DDD,216,382,12.369
2025-09-09,EEE,501,310,13.526
2025-09-09,FFF,211,271,14.075
2025-09-09,GGG,300,545,14.69
2025-09-09,HHH,508,257,15.986
2025-09-10,AAA,336,121,10.355
2025-09-10,BBB,436,197,11.179
2025-09-10,CCC,296,283,11.753
2025-09-10,DDD,220,382,12.378
2025-09-10,EEE,403,265,13.478
2025-09-10,FFF,207,321,14.026
2025-09-10,GGG,225,420,14.745
2025-09-10,HHH,480,360,15.86
2025-09-11,AAA,489,106,10.528
2025-09-11,BBB,416,200,11.161
2025-09-11,CCC,175,215,11.705
2025-09-11,DDD,132,307,12.37
2025-09-11,EEE,438,185,13.598
2025-09-11,FFF,89,309,13.925
2025-09-11,GGG,144,452,14.637
2025-09-11,HHH,411,366,15.79
2025-09-12,AAA,341,259,10.232
2025-09-12,BBB,480,212,11.218
2025-09-12,CCC,233,284,11.699
2025-09-12,DDD,146,311,12.385
2025-09-12,EEE,324,179,13.495
2025-09-12,FFF,114,303,13.961
2025-09-12,GGG,184,552,14.582
2025-09-12,HHH,382,297,15.835
2025-09-15,AAA,464,276,10.343
2025-09-15,BBB,353,166,11.142
2025-09-15,CCC,147,333,11.569
2025-09-15,DDD,198,194,12.559
2025-09-15,EEE,399,194,13.56
2025-09-15,FFF,241,283,14.113
2025-09-15,GGG,79,532,14.502
2025-09-15,HHH,498,446,15.807
2025-09-16,AAA,376,228,10.308
2025-09-16,BBB,383,133,11.21
2025-09-16,CCC,244,492,11.512
2025-09-16,DDD,242,269,12.533
2025-09-16,EEE,450,231,13.579
2025-09-16,FFF,247,271,14.136
2025-09-16,GGG,106,418,14.648
2025-09-16,HHH,434,179,16.015
2025-09-17,AAA,250,180,10.235
2025-09-17,BBB,414,254,11.125
2025-09-17,CCC,153,258,11.66
2025-09-17,DDD,233,319,12.479
2025-09-17,EEE,287,220,13.432
2025-09-17,FFF,121,228,14.058
2025-09-17,GGG,184,535,14.614
2025-09-17,HHH,279,294,15.75
2025-09-18,AAA,416,333,10.253
2025-09-18,BBB,331,237,11.064
2025-09-18,CCC,158,431,11.497
2025-09-18,DDD,253,382,12.441
2025-09-18,EEE,364,342,13.392
2025-09-18,FFF,198,257,14.111
2025-09-18,GGG,68,488,14.55
2025-09-18,HHH,363,368,15.765
2025-09-19,AAA,448,279,10.344
2025-09-19,BBB,514,169,11.32
2025-09-19,CCC,145,225,11.695
2025-09-19,DDD,108,272,12.411
2025-09-19,EEE,291,333,13.333
2025-09-19,FFF,114,347,13.942
2025-09-19,GGG,146,407,14.714
2025-09-19,HHH,482,299,15.958
2025-09-22,AAA,421,260,10.341
2025-09-22,BBB,372,285,11.067
2025-09-22,CCC,129,346,11.563
2025-09-22,DDD,143,359,12.364
2025-09-22,EEE,368,233,13.515
2025-09-22,FFF,165,383,13.962
2025-09-22,GGG,125,515,14.59
2025-09-22,HHH,351,301,15.83
2025-09-23,AAA,399,159,10.425
2025-09-23,BBB,441,104,11.322
2025-09-23,CCC,225,365,11.645
2025-09-23,DDD,367,283,12.669
2025-09-23,EEE,343,247,13.481
2025-09-23,FFF,185,333,14.037
2025-09-23,GGG,134,528,14.591
2025-09-23,HHH,477,371,15.891
2025-09-24,AAA,405,221,10.374
2025-09-24,BBB,488,372,11.106
2025-09-24,CCC,271,330,11.731
2025-09-24,DDD,239,309,12.52
2025-09-24,EEE,507,158,13.739
2025-09-24,FFF,85,446,13.829
2025-09-24,GGG,175,618,14.547
2025-09-24,HHH,412,228,15.974
2025-09-25,AAA,439,217,10.417
2025-09-25,BBB,451,197,11.249
2025-09-25,CCC,180,308,11.667
2025-09-25,DDD,104,391,12.308
2025-09-25,EEE,415,310,13.5
2025-09-25,FFF,171,388,13.978
2025-09-25,GGG,253,440,14.808
2025-09-25,HHH,388,418,15.765
2025-09-26,AAA,269,243,10.226
2025-09-26,BBB,367,182,11.185
2025-09-26,CCC,248,394,11.654
2025-09-26,DDD,238,387,12.451
2025-09-26,EEE,304,247,13.457
2025-09-26,FFF,95,383,13.912
2025-09-26,GGG,233,504,14.729
2025-09-26,HHH,461,181,16.08
2025-09-29,AAA,445,301,10.349
2025-09-29,BBB,139,243,10.901
2025-09-29,CCC,236,369,11.672
2025-09-29,DDD,139,274,12.47
2025-09-29,EEE,424,197,13.632
2025-09-29,FFF,45,312,13.938
2025-09-29,GGG,226,541,14.69
2025-09-29,HHH,401,334,15.872
2025-09-30,AAA,348,264,10.294
2025-09-30,BBB,455,207,11.258
2025-09-30,CCC,222,306,11.726
2025-09-30,DDD,109,381,12.338
2025-09-30,EEE,450,149,13.711
2025-09-30,FFF,197,261,14.146
2025-09-30,GGG,212,482,14.74
2025-09-30,HHH,258,316,15.752
2025-10-01,AAA,272,159,10.328
2025-10-01,BBB,388,166,11.237
2025-10-01,CCC,61,246,11.63
2025-10-01,DDD,196,377,12.434
2025-10-01,EEE,318,237,13.496
2025-10-01,FFF,178,235,14.158
2025-10-01,GGG,113,386,14.742
2025-10-01,HHH,459,121,16.153
2025-10-02,AAA,372,188,10.404
2025-10-02,BBB,331,183,11.168
2025-10-02,CCC,154,377,11.597
2025-10-02,DDD,223,303,12.54
2025-10-02,EEE,454,123,13.751
2025-10-02,FFF,278,349,14.149
2025-10-02,GGG,122,358,14.784
2025-10-02,HHH,448,284,15.984
2025-10-03,AAA,560,298,10.487
2025-10-03,BBB,307,215,11.117
2025-10-03,CCC,134,353,11.606
2025-10-03,DDD,158,300,12.483
2025-10-03,EEE,407,347,13.485
2025-10-03,FFF,188,412,14.001
2025-10-03,GGG,152,494,14.683
2025-10-03,HHH,354,313,15.866
2025-10-06,AAA,363,227,10.366
2025-10-06,BBB,270,229,11.071
2025-10-06,CCC,253,241,11.842
2025-10-06,DDD,158,351,12.437
2025-10-06,EEE,397,267,13.56
2025-10-06,FFF,200,300,14.13
2025-10-06,GGG,209,632,14.607
2025-10-06,HHH,417,373,15.874
2025-10-07,AAA,429,213,10.451
2025-10-07,BBB,377,69,11.343
2025-10-07,CCC,271,286,11.82
2025-10-07,DDD,220,243,12.612
2025-10-07,EEE,364,238,13.561
2025-10-07,FFF,199,402,14.032
2025-10-07,GGG,80,422,14.693
2025-10-07,HHH,454,195,16.094
2025-10-08,AAA,465,254,10.451
2025-10-08,BBB,362,167,11.235
2025-10-08,CCC,185,266,11.759
2025-10-08,DDD,214,258,12.596
2025-10-08,EEE,395,247,13.588
2025-10-08,FFF,188,372,14.056
2025-10-08,GGG,172,560,14.652
2025-10-08,HHH,342,371,15.811
2025-10-09,AAA,390,65,10.57
2025-10-09,BBB,546,139,11.452
2025-10-09,CCC,191,279,11.757
2025-10-09,DDD,142,256,12.531
2025-10-09,EEE,454,101,13.798
2025-10-09,FFF,107,303,14.049
2025-10-09,GGG,148,290,14.903
2025-10-09,HHH,367,302,15.91
2025-10-10,AAA,402,105,10.547
2025-10-10,BBB,412,130,11.332
2025-10-10,CCC,176,317,11.709
2025-10-10,DDD,33,236,12.447
2025-10-10,EEE,325,71,13.704
2025-10-10,FFF,250,245,14.255
2025-10-10,GGG,186,430,14.806
2025-10-10,HHH,296,361,15.785
2025-10-13,AAA,402,123,10.534
2025-10-13,BBB,365,250,11.17
2025-10-13,CCC,89,356,11.588
2025-10-13,DDD,161,391,12.425
2025-10-13,EEE,502,131,13.826
2025-10-13,FFF,229,332,14.152
2025-10-13,GGG,101,549,14.607
2025-10-13,HHH,316,324,15.847
2025-10-14,AAA,379,50,10.589
2025-10-14,BBB,392,224,11.228
2025-10-14,CCC,198,244,11.814
2025-10-14,DDD,142,359,12.443
2025-10-14,EEE,440,253,13.647
2025-10-14,FFF,251,250,14.261
2025-10-14,GGG,143,460,14.743
2025-10-14,HHH,421,351,15.93
2025-10-15,AAA,460,235,10.49
2025-10-15,BBB,401,144,11.322
2025-10-15,CCC,179,242,11.802
2025-10-15,DDD,105,277,12.493
2025-10-15,EEE,421,311,13.575
2025-10-15,FFF,103,245,14.123
2025-10-15,GGG,293,653,14.705
2025-10-15,HHH,398,379,15.884
2025-10-16,AAA,464,266,10.468
2025-10-16,BBB,357,255,11.172
2025-10-16,CCC,159,280,11.749
2025-10-16,DDD,267,299,12.638
2025-10-16,EEE,384,182,13.672
2025-10-16,FFF,224,288,14.206
2025-10-16,GGG,169,479,14.76
2025-10-16,HHH,403,320,15.953
2025-10-17,AAA,409,218,10.466
2025-10-17,BBB,319,283,11.111
2025-10-17,CCC,147,301,11.721
2025-10-17,DDD,103,278,12.5
2025-10-17,EEE,354,215,13.614
2025-10-17,FFF,123,307,14.091
2025-10-17,GGG,33,541,14.567
2025-10-17,HHH,486,250,16.111
2025-10-20,AAA,305,289,10.296
2025-10-20,BBB,381,32,11.429
2025-10-20,CCC,261,212,11.929
2025-10-20,DDD,231,449,12.462
2025-10-20,EEE,413,190,13.703
2025-10-20,FFF,122,209,14.193
2025-10-20,GGG,186,442,14.824
2025-10-20,HHH,316,348,15.848
2025-10-21,AAA,390,169,10.506
2025-10-21,BBB,433,104,11.414
2025-10-21,CCC,181,265,11.801
2025-10-21,DDD,145,265,12.565
2025-10-21,EEE,451,303,13.633
2025-10-21,FFF,87,356,14.016
2025-10-21,GGG,203,471,14.817
2025-10-21,HHH,473,437,15.921
2025-10-22,AAA,270,222,10.338
2025-10-22,BBB,432,200,11.322
2025-10-22,CCC,85,298,11.677
2025-10-22,DDD,69,314,12.445
2025-10-22,EEE,444,330,13.604
2025-10-22,FFF,133,340,14.083
2025-10-22,GGG,187,464,14.813
2025-10-22,HHH,477,267,16.1
2025-10-23,AAA,425,313,10.407
2025-10-23,BBB,435,113,11.417
2025-10-23,CCC,159,363,11.691
2025-10-23,DDD,174,276,12.593
2025-10-23,EEE,360,159,13.696
2025-10-23,FFF,241,275,14.261
2025-10-23,GGG,219,514,14.8
2025-10-23,HHH,478,444,15.929
2025-10-24,AAA,366,132,10.534
2025-10-24,BBB,396,327,11.169
2025-10-24,CCC,217,305,11.812
2025-10-24,DDD,297,328,12.669
2025-10-24,EEE,395,367,13.528
2025-10-24,FFF,128,310,14.118
2025-10-24,GGG,250,470,14.88
2025-10-24,HHH,400,330,15.97
2025-10-27,AAA,360,180,10.485
2025-10-27,BBB,502,233,11.374
2025-10-27,CCC,52,329,11.628
2025-10-27,DDD,114,259,12.56
2025-10-27,EEE,509,274,13.74
2025-10-27,FFF,201,317,14.189
2025-10-27,GGG,95,453,14.747
2025-10-27,HHH,429,356,15.978
2025-10-28,AAA,260,181,10.389
2025-10-28,BBB,365,249,11.226
2025-10-28,CCC,112,306,11.716
2025-10-28,DDD,53,236,12.527
2025-10-28,EEE,404,239,13.675
2025-10-28,FFF,183,296,14.197
2025-10-28,GGG,72,430,14.752
2025-10-28,HHH,376,291,15.995
2025-10-29,AAA,361,261,10.415
2025-10-29,BBB,356,202,11.269
2025-10-29,CCC,192,366,11.741
2025-10-29,DDD,244,221,12.738
2025-10-29,EEE,465,240,13.74
2025-10-29,FFF,213,363,14.165
2025-10-29,GGG,121,476,14.76
2025-10-29,HHH,532,468,15.979
2025-10-30,AAA,219,36,10.503
2025-10-30,BBB,517,166,11.471
2025-10-30,CCC,148,365,11.703
2025-10-30,DDD,211,235,12.696
2025-10-30,EEE,441,238,13.723
2025-10-30,FFF,36,270,14.086
2025-10-30,GGG,210,543,14.787
2025-10-30,HHH,341,338,15.923
2025-10-31,AAA,391,137,10.579
2025-10-31,BBB,433,198,11.36
2025-10-31,CCC,172,216,11.881
2025-10-31,DDD,86,334,12.477
2025-10-31,EEE,366,313,13.578
2025-10-31,FFF,235,358,14.202
2025-10-31,GGG,188,510,14.803
2025-10-31,HHH,390,332,15.983
2025-11-03,AAA,506,353,10.483
2025-11-03,BBB,526,173,11.483
2025-11-03,CCC,101,301,11.73
2025-11-03,DDD,233,345,12.618
2025-11-03,EEE,417,329,13.618
2025-11-03,FFF,110,376,14.064
2025-11-03,GGG,169,456,14.843
2025-11-03,HHH,447,259,16.118
2025-11-04,AAA,406,161,10.58
2025-11-04,BBB,325,299,11.161
2025-11-04,CCC,152,426,11.661
2025-11-04,DDD,111,288,12.558
2025-11-04,EEE,373,246,13.662
2025-11-04,FFF,56,278,14.113
2025-11-04,GGG,62,388,14.809
2025-11-04,HHH,400,320,16.015
2025-11-05,AAA,499,338,10.501
2025-11-05,BBB,421,211,11.35
2025-11-05,CCC,264,323,11.881
2025-11-05,DDD,238,287,12.691
2025-11-05,EEE,244,242,13.542
2025-11-05,FFF,107,343,14.104
2025-11-05,GGG,200,513,14.827
2025-11-05,HHH,420,348,16.012
2025-11-06,AAA,373,286,10.432
2025-11-06,BBB,406,140,11.411
2025-11-06,CCC,169,413,11.701
2025-11-06,DDD,212,375,12.582
2025-11-06,EEE,433,169,13.809
2025-11-06,FFF,327,365,14.307
2025-11-06,GGG,306,379,15.072
2025-11-06,HHH,286,299,15.932
2025-11-07,AAA,494,319,10.525
2025-11-07,BBB,469,286,11.333
2025-11-07,CCC,202,284,11.868
2025-11-07,DDD,207,317,12.64
2025-11-07,EEE,445,274,13.721
2025-11-07,FFF,135,283,14.202
2025-11-07,GGG,303,401,15.052
2025-11-07,HHH,423,254,16.119
2025-11-10,AAA,414,264,10.505
2025-11-10,BBB,335,235,11.255
2025-11-10,CCC,201,255,11.901
2025-11-10,DDD,300,317,12.738
2025-11-10,EEE,527,119,13.963
2025-11-10,FFF,73,290,14.138
2025-11-10,GGG,245,504,14.896
2025-11-10,HHH,419,263,16.111
2025-11-11,AAA,396,265,10.491
2025-11-11,BBB,465,209,11.416
2025-11-11,CCC,148,326,11.782
2025-11-11,DDD,303,393,12.67
2025-11-11,EEE,408,150,13.818
2025-11-11,FFF,188,297,14.251
2025-11-11,GGG,140,205,15.095
2025-11-11,HHH,512,243,16.229
2025-11-12,AAA,406,209,10.562
2025-11-12,BBB,417,134,11.448
2025-11-12,CCC,140,264,11.841
2025-11-12,DDD,272,263,12.774
2025-11-12,EEE,297,121,13.741
2025-11-12,FFF,234,351,14.248
2025-11-12,GGG,22,417,14.77
2025-11-12,HHH,381,232,16.114
2025-11-13,AAA,429,236,10.563
2025-11-13,BBB,518,165,11.523
2025-11-13,CCC,209,497,11.682
2025-11-13,DDD,224,334,12.66
2025-11-13,EEE,494,336,13.728
2025-11-13,FFF,173,387,14.156
2025-11-13,GGG,318,468,15.02
2025-11-13,HHH,374,384,15.96
2025-11-14,AAA,439,272,10.542
2025-11-14,BBB,412,202,11.385
2025-11-14,CCC,170,331,11.814
2025-11-14,DDD,55,364,12.466
2025-11-14,EEE,547,185,13.937
2025-11-14,FFF,100,428,14.047
2025-11-14,GGG,235,520,14.89
2025-11-14,HHH,337,238,16.074
2025-11-17,AAA,463,298,10.545
2025-11-17,BBB,372,282,11.27
2025-11-17,CCC,243,337,11.886
2025-11-17,DDD,131,293,12.618
2025-11-17,EEE,326,74,13.832
2025-11-17,FFF,31,341,14.07
2025-11-17,GGG,227,440,14.967
2025-11-17,HHH,392,447,15.925
2025-11-18,AAA,421,298,10.508
2025-11-18,BBB,508,145,11.548
2025-11-18,CCC,249,221,12.013
2025-11-18,DDD,224,253,12.756
2025-11-18,EEE,471,146,13.91
2025-11-18,FFF,134,389,14.13
2025-11-18,GGG,153,462,14.876
2025-11-18,HHH,481,375,16.091
2025-11-19,AAA,374,268,10.496
2025-11-19,BBB,459,216,11.433
2025-11-19,CCC,218,355,11.853
2025-11-19,DDD,211,385,12.616
2025-11-19,EEE,512,222,13.88
2025-11-19,FFF,307,375,14.322
2025-11-19,GGG,153,478,14.865
2025-11-19,HHH,476,395,16.071
2025-11-20,AAA,543,212,10.726
2025-11-20,BBB,382,134,11.443
2025-11-20,CCC,111,272,11.834
2025-11-20,DDD,230,276,12.749
2025-11-20,EEE,450,184,13.861
2025-11-20,FFF,154,413,14.136
2025-11-20,GGG,236,468,14.963
2025-11-20,HHH,497,253,16.239
2025-11-21,AAA,420,140,10.68
2025-11-21,BBB,474,265,11.409
2025-11-21,CCC,162,299,11.863
2025-11-21,DDD,274,332,12.742
2025-11-21,EEE,350,116,13.834
2025-11-21,FFF,275,431,14.244
2025-11-21,GGG,262,535,14.927
2025-11-21,HHH,417,310,16.107
2025-11-24,AAA,346,272,10.479
2025-11-24,BBB,397,267,11.335
2025-11-24,CCC,188,332,11.861
2025-11-24,DDD,249,337,12.717
2025-11-24,EEE,596,320,13.881
2025-11-24,FFF,167,335,14.237
2025-11-24,GGG,279,646,14.838
2025-11-24,HHH,309,321,15.993
2025-11-25,AAA,286,249,10.447
2025-11-25,BBB,391,242,11.359
2025-11-25,CCC,256,243,12.023
2025-11-25,DDD,144,344,12.61
2025-11-25,EEE,370,190,13.79
2025-11-25,FFF,95,190,14.315
2025-11-25,GGG,177,601,14.786
2025-11-25,HHH,524,505,16.029
2025-11-26,AAA,476,212,10.679
2025-11-26,BBB,293,251,11.257
2025-11-26,CCC,145,296,11.864
2025-11-26,DDD,91,242,12.664
2025-11-26,EEE,462,186,13.891
2025-11-26,FFF,170,356,14.229
2025-11-26,GGG,269,407,15.077
2025-11-26,HHH,537,320,16.232
2025-11-27,AAA,379,253,10.546
2025-11-27,BBB,279,190,11.309
2025-11-27,CCC,190,297,11.913
2025-11-27,DDD,134,357,12.597
2025-11-27,EEE,409,189,13.84
2025-11-27,FFF,142,311,14.251
2025-11-27,GGG,137,569,14.788
2025-11-27,HHH,449,248,16.221
2025-11-28,AAA,375,142,10.658
2025-11-28,BBB,441,260,11.406
2025-11-28,CCC,174,327,11.872
2025-11-28,DDD,214,335,12.704
2025-11-28,EEE,498,221,13.902
2025-11-28,FFF,254,457,14.222
2025-11-28,GGG,99,428,14.896
2025-11-28,HHH,310,287,16.048
2025-12-01,AAA,399,251,10.578
2025-12-01,BBB,287,220,11.297
2025-12-01,CCC,159,400,11.789
2025-12-01,DDD,113,347,12.596
2025-12-01,EEE,503,259,13.874
2025-12-01,FFF,210,236,14.404
2025-12-01,GGG,114,367,14.977
2025-12-01,HHH,509,333,16.206
2025-12-02,AAA,433,254,10.614
2025-12-02,BBB,514,203,11.546
2025-12-02,CCC,220,255,12.0
2025-12-02,DDD,283,298,12.82
2025-12-02,EEE,318,187,13.766
2025-12-02,FFF,27,250,14.212
2025-12-02,GGG,168,448,14.955
2025-12-02,HHH,393,295,16.133
2025-12-03,AAA,333,290,10.483
2025-12-03,BBB,304,161,11.383
2025-12-03,CCC,136,359,11.817
2025-12-03,DDD,192,279,12.753
2025-12-03,EEE,365,296,13.709
2025-12-03,FFF,280,317,14.403
2025-12-03,GGG,126,503,14.863
2025-12-03,HHH,520,281,16.279
2025-12-04,AAA,429,150,10.724
2025-12-04,BBB,397,278,11.364
2025-12-04,CCC,205,264,11.986
2025-12-04,DDD,159,295,12.709
2025-12-04,EEE,439,143,13.941
2025-12-04,FFF,172,399,14.218
2025-12-04,GGG,265,507,15.003
2025-12-04,HHH,490,357,16.178
2025-12-05,AAA,449,352,10.547
2025-12-05,BBB,346,279,11.317
2025-12-05,CCC,55,271,11.834
2025-12-05,DDD,186,328,12.708
2025-12-05,EEE,501,236,13.915
2025-12-05,FFF,302,274,14.478
2025-12-05,GGG,185,445,14.99
2025-12-05,HHH,252,294,16.008
2025-12-08,AAA,411,179,10.687
2025-12-08,BBB,352,174,11.433
2025-12-08,CCC,114,285,11.884
2025-12-08,DDD,75,333,12.597
2025-12-08,EEE,223,89,13.789
2025-12-08,FFF,158,348,14.265
2025-12-08,GGG,156,377,15.034
2025-12-08,HHH,381,218,16.218
2025-12-09,AAA,425,332,10.553
2025-12-09,BBB,422,149,11.533
2025-12-09,CCC,218,409,11.869
2025-12-09,DDD,106,373,12.593
2025-12-09,EEE,371,248,13.783
2025-12-09,FFF,227,255,14.432
2025-12-09,GGG,86,646,14.7
2025-12-09,HHH,514,423,16.151
2025-12-10,AAA,432,242,10.655
2025-12-10,BBB,444,200,11.509
2025-12-10,CCC,177,357,11.885
2025-12-10,DDD,220,308,12.777
2025-12-10,EEE,370,330,13.705
2025-12-10,FFF,162,271,14.356
2025-12-10,GGG,189,448,15.006
2025-12-10,HHH,279,230,16.114
2025-12-11,AAA,215,101,10.584
2025-12-11,BBB,475,201,11.544
2025-12-11,CCC,1,269,11.802
2025-12-11,DDD,268,211,12.927
2025-12-11,EEE,464,136,13.998
2025-12-11,FFF,139,285,14.324
2025-12-11,GGG,228,423,15.075
2025-12-11,HHH,373,248,16.195
2025-12-12,AAA,458,229,10.704
2025-12-12,BBB,298,151,11.422
2025-12-12,CCC,141,293,11.923
2025-12-12,DDD,159,333,12.701
2025-12-12,EEE,390,290,13.775
2025-12-12,FFF,113,337,14.251
2025-12-12,GGG,268,524,15.019
2025-12-12,HHH,442,298,16.219
2025-12-15,AAA,324,99,10.705
2025-12-15,BBB,347,161,11.466
2025-12-15,CCC,269,237,12.112
2025-12-15,DDD,211,329,12.762
2025-12-15,EEE,529,147,14.062
2025-12-15,FFF,274,219,14.535
2025-12-15,GGG,221,578,14.923
2025-12-15,HHH,358,341,16.097
2025-12-16,AAA,468,161,10.792
2025-12-16,BBB,326,112,11.499
2025-12-16,CCC,175,244,12.016
2025-12-16,DDD,298,318,12.865
2025-12-16,EEE,477,221,13.941
2025-12-16,FFF,330,413,14.402
2025-12-16,GGG,161,482,14.964
2025-12-16,HHH,252,340,15.997
2025-12-17,AAA,327,276,10.541
2025-12-17,BBB,454,163,11.581
2025-12-17,CCC,247,237,12.1
2025-12-17,DDD,115,182,12.823
2025-12-17,EEE,352,167,13.875
2025-12-17,FFF,217,377,14.33
2025-12-17,GGG,154,549,14.895
2025-12-17,HHH,486,162,16.414
2025-12-18,AAA,371,200,10.666
2025-12-18,BBB,520,270,11.545
2025-12-18,CCC,199,273,12.021
2025-12-18,DDD,213,410,12.698
2025-12-18,EEE,389,145,13.939
2025-12-18,FFF,247,209,14.533
2025-12-18,GGG,155,544,14.906
2025-12-18,HHH,332,306,16.121
2025-12-19,AAA,303,334,10.469
2025-12-19,BBB,394,257,11.437
2025-12-19,CCC,138,453,11.785
2025-12-19,DDD,277,326,12.851
2025-12-19,EEE,435,100,14.035
2025-12-19,FFF,197,408,14.289
2025-12-19,GGG,143,458,14.985
2025-12-19,HHH,372,351,16.121
2025-12-22,AAA,413,100,10.818
2025-12-22,BBB,449,189,11.565
2025-12-22,CCC,175,288,11.992
2025-12-22,DDD,136,331,12.71
2025-12-22,EEE,312,120,13.897
2025-12-22,FFF,163,398,14.27
2025-12-22,GGG,151,459,14.997
2025-12-22,HHH,383,322,16.166
2025-12-23,AAA,366,322,10.554
2025-12-23,BBB,419,222,11.507
2025-12-23,CCC,204,370,11.944
2025-12-23,DDD,259,309,12.86
2025-12-23,EEE,409,239,13.88
2025-12-23,FFF,138,275,14.373
2025-12-23,GGG,168,506,14.972
2025-12-23,HHH,395,149,16.356
2025-12-24,AAA,315,228,10.602
2025-12-24,BBB,367,217,11.465
2025-12-24,CCC,143,391,11.867
2025-12-24,DDD,209,371,12.753
2025-12-24,EEE,314,295,13.734
2025-12-24,FFF,131,451,14.195
2025-12-24,GGG,150,467,14.998
2025-12-24,HHH,269,334,16.05
2025-12-25,AAA,335,172,10.683
2025-12-25,BBB,454,373,11.401
2025-12-25,CCC,139,230,12.029
2025-12-25,DDD,26,273,12.673
2025-12-25,EEE,422,122,14.02
2025-12-25,FFF,108,415,14.213
2025-12-25,GGG,256,561,15.015
2025-12-25,HHH,325,263,16.182
2025-12-26,AAA,322,194,10.653
2025-12-26,BBB,378,249,11.454
2025-12-26,CCC,226,357,11.994
2025-12-26,DDD,236,386,12.775
2025-12-26,EEE,376,198,13.903
2025-12-26,FFF,130,466,14.189
2025-12-26,GGG,170,418,15.077
2025-12-26,HHH,341,293,16.173
2025-12-29,AAA,398,211,10.717
2025-12-29,BBB,403,335,11.398
2025-12-29,CCC,131,326,11.935
2025-12-29,DDD,274,226,12.978
2025-12-29,EEE,327,297,13.76
2025-12-29,FFF,103,349,14.284
2025-12-29,GGG,117,532,14.915
2025-12-29,HHH,527,272,16.385
2025-12-30,AAA,334,222,10.647
2025-12-30,BBB,325,133,11.527
2025-12-30,CCC,122,300,11.957
2025-12-30,DDD,292,377,12.85
2025-12-30,EEE,477,286,13.926
2025-12-30,FFF,160,241,14.454
2025-12-30,GGG,228,418,15.145
2025-12-30,HHH,494,297,16.332
2025-12-31,AAA,348,254,10.634
2025-12-31,BBB,423,258,11.505
2025-12-31,CCC,145,344,11.941
2025-12-31,DDD,82,352,12.67
2025-12-31,EEE,294,240,13.794
2025-12-31,FFF,205,395,14.35
2025-12-31,GGG,214,413,15.141
2025-12-31,HHH,380,378,16.142
2026-01-01,AAA,458,182,10.821
2026-01-01,BBB,434,322,11.457
2026-01-01,CCC,131,357,11.919
2026-01-01,DDD,217,313,12.849
2026-01-01,EEE,424,325,13.844
2026-01-01,FFF,214,336,14.423
2026-01-01,GGG,175,458,15.062
2026-01-01,HHH,318,249,16.214
2026-01-02,AAA,298,203,10.645
2026-01-02,BBB,333,105,11.578
2026-01-02,CCC,259,305,12.104
2026-01-02,DDD,248,416,12.782
2026-01-02,EEE,507,217,14.04
2026-01-02,FFF,14,353,14.211
2026-01-02,GGG,177,375,15.152
2026-01-02,HHH,225,396,15.979
2026-01-05,AAA,476,312,10.719
2026-01-05,BBB,503,306,11.552
2026-01-05,CCC,218,605,11.768
2026-01-05,DDD,253,361,12.847
2026-01-05,EEE,413,268,13.9
2026-01-05,FFF,148,267,14.436
2026-01-05,GGG,322,641,15.036
2026-01-05,HHH,492,269,16.378
2026-01-06,AAA,377,294,10.643
2026-01-06,BBB,439,214,11.585
2026-01-06,CCC,308,586,11.882
2026-01-06,DDD,186,326,12.82
2026-01-06,EEE,360,292,13.828
2026-01-06,FFF,67,328,14.299
2026-01-06,GGG,236,597,14.999
2026-01-06,HHH,450,243,16.367
2026-01-07,AAA,462,280,10.747
2026-01-07,BBB,412,185,11.592
2026-01-07,CCC,98,557,11.706
2026-01-07,DDD,200,520,12.645
2026-01-07,EEE,442,236,13.971
2026-01-07,FFF,65,241,14.389
2026-01-07,GGG,142,475,15.032
2026-01-07,HHH,395,399,16.161
2026-01-08,AAA,512,313,10.769
2026-01-08,BBB,358,193,11.535
2026-01-08,CCC,126,476,11.82
2026-01-08,DDD,92,352,12.71
2026-01-08,EEE,347,268,13.849
2026-01-08,FFF,165,289,14.446
2026-01-08,GGG,188,491,15.067
2026-01-08,HHH,606,276,16.5
2026-01-09,AAA,426,128,10.873
2026-01-09,BBB,376,327,11.424
2026-01-09,CCC,226,713,11.688
2026-01-09,DDD,65,263,12.777
2026-01-09,EEE,414,149,14.04
2026-01-09,FFF,136,228,14.483
2026-01-09,GGG,232,456,15.151
2026-01-09,HHH,398,232,16.341
2026-01-12,AAA,374,343,10.611
2026-01-12,BBB,456,224,11.612
2026-01-12,CCC,123,559,11.744
2026-01-12,DDD,188,460,12.708
2026-01-12,EEE,418,207,13.991
2026-01-12,FFF,170,247,14.503
2026-01-12,GGG,200,410,15.17
2026-01-12,HHH,351,293,16.238
2026-01-13,AAA,556,346,10.795
2026-01-13,BBB,389,282,11.492
2026-01-13,CCC,197,624,11.758
2026-01-13,DDD,179,378,12.786
2026-01-13,EEE,525,221,14.089
2026-01-13,FFF,276,326,14.535
2026-01-13,GGG,246,410,15.221
2026-01-13,HHH,448,268,16.365
2026-01-14,AAA,354,233,10.711
2026-01-14,BBB,566,250,11.706
2026-01-14,CCC,270,624,11.836
2026-01-14,DDD,166,241,12.915
2026-01-14,EEE,335,98,14.027
2026-01-14,FFF,215,321,14.484
2026-01-14,GGG,195,519,15.066
2026-01-14,HHH,546,302,16.434
2026-01-15,AAA,426,263,10.758
2026-01-15,BBB,459,210,11.644
2026-01-15,CCC,279,539,11.935
2026-01-15,DDD,190,200,12.985
2026-01-15,EEE,418,214,13.999
2026-01-15,FFF,159,275,14.479
2026-01-15,GGG,222,542,15.075
2026-01-15,HHH,586,284,16.497
2026-01-16,AAA,450,268,10.782
2026-01-16,BBB,502,188,11.714
2026-01-16,CCC,141,582,11.759
2026-01-16,DDD,144,329,12.815
2026-01-16,EEE,355,232,13.923
2026-01-16,FFF,264,332,14.532
2026-01-16,GGG,217,542,15.075
2026-01-16,HHH,464,353,16.311
2026-01-19,AAA,293,146,10.752
2026-01-19,BBB,508,171,11.742
2026-01-19,CCC,174,655,11.724
2026-01-19,DDD,122,177,12.95
2026-01-19,EEE,342,281,13.866
2026-01-19,FFF,253,368,14.49
2026-01-19,GGG,345,572,15.178
2026-01-19,HHH,269,194,16.28
2026-01-20,AAA,391,92,10.909
2026-01-20,BBB,469,79,11.8
2026-01-20,CCC,184,504,11.89
2026-01-20,DDD,223,465,12.768
2026-01-20,EEE,407,43,14.174
2026-01-20,FFF,132,263,14.479
2026-01-20,GGG,184,587,15.007
2026-01-20,HHH,369,270,16.309
2026-01-21,AAA,299,106,10.808
2026-01-21,BBB,308,208,11.515
2026-01-21,CCC,223,589,11.849
2026-01-21,DDD,141,345,12.811
2026-01-21,EEE,350,293,13.872
2026-01-21,FFF,87,202,14.5
2026-01-21,GGG,187,434,15.168
2026-01-21,HHH,496,277,16.434
2026-01-22,AAA,425,244,10.801
2026-01-22,BBB,488,313,11.595
2026-01-22,CCC,87,436,11.871
2026-01-22,DDD,126,364,12.782
2026-01-22,EEE,461,178,14.103
2026-01-22,FFF,317,313,14.624
2026-01-22,GGG,280,477,15.223
2026-01-22,HHH,303,285,16.238
2026-01-23,AAA,466,298,10.793
2026-01-23,BBB,413,374,11.464
2026-01-23,CCC,205,629,11.801
2026-01-23,DDD,227,307,12.945
2026-01-23,EEE,326,236,13.915
2026-01-23,FFF,181,298,14.508
2026-01-23,GGG,211,469,15.167
2026-01-23,HHH,485,393,16.317
2026-01-26,AAA,377,336,10.671
2026-01-26,BBB,409,122,11.717
2026-01-26,CCC,101,555,11.776
2026-01-26,DDD,232,290,12.972
2026-01-26,EEE,493,386,13.937
2026-01-26,FFF,127,342,14.415
2026-01-26,GGG,132,584,14.978
2026-01-26,HHH,286,393,16.123
2026-01-27,AAA,383,241,10.777
2026-01-27,BBB,431,188,11.678
2026-01-27,CCC,131,718,11.648
2026-01-27,DDD,233,360,12.908
2026-01-27,EEE,518,183,14.17
2026-01-27,FFF,257,320,14.572
2026-01-27,GGG,78,442,15.071
2026-01-27,HHH,423,269,16.389
2026-01-28,AAA,342,280,10.702
2026-01-28,BBB,420,196,11.664
2026-01-28,CCC,79,629,11.69
2026-01-28,DDD,271,340,12.971
2026-01-28,EEE,456,219,14.077
2026-01-28,FFF,275,406,14.509
2026-01-28,GGG,213,561,15.092
2026-01-28,HHH,407,439,16.208
2026-01-29,AAA,491,223,10.913
2026-01-29,BBB,500,253,11.692
2026-01-29,CCC,180,605,11.82
2026-01-29,DDD,158,375,12.828
2026-01-29,EEE,407,238,14.014
2026-01-29,FFF,335,160,14.82
2026-01-29,GGG,165,586,15.024
2026-01-29,HHH,357,242,16.36
2026-01-30,AAA,506,352,10.804
2026-01-30,BBB,385,252,11.583
2026-01-30,CCC,166,524,11.892
2026-01-30,DDD,233,379,12.904
2026-01-30,EEE,415,158,14.107
2026-01-30,FFF,204,290,14.564
2026-01-30,GGG,152,506,15.096
2026-01-30,HHH,414,233,16.431
2026-02-02,AAA,465,200,10.92
2026-02-02,BBB,387,150,11.692
2026-02-02,CCC,137,480,11.912
2026-02-02,DDD,179,271,12.963
2026-02-02,EEE,377,308,13.924
2026-02-02,FFF,137,389,14.403
2026-02-02,GGG,126,484,15.097
2026-02-02,HHH,290,333,16.212
2026-02-03,AAA,447,5,11.102
2026-02-03,BBB,341,251,11.55
2026-02-03,CCC,197,535,11.922
2026-02-03,DDD,169,361,12.868
2026-02-03,EEE,426,108,14.178
2026-02-03,FFF,234,270,14.624
2026-02-03,GGG,191,492,15.159
2026-02-03,HHH,382,408,16.234
2026-02-04,AAA,451,255,10.861
2026-02-04,BBB,525,193,11.797
2026-02-04,CCC,176,646,11.795
2026-02-04,DDD,180,261,12.984
2026-02-04,EEE,438,271,14.032
2026-02-04,FFF,93,367,14.391
2026-02-04,GGG,140,483,15.122
2026-02-04,HHH,416,423,16.258
2026-02-05,AAA,426,301,10.795
2026-02-05,BBB,387,247,11.61
2026-02-05,CCC,143,673,11.74
2026-02-05,DDD,188,286,12.972
2026-02-05,EEE,476,281,14.065
2026-02-05,FFF,220,350,14.54
2026-02-05,GGG,209,509,15.17
2026-02-05,HHH,405,300,16.375
2026-02-06,AAA,433,199,10.909
2026-02-06,BBB,508,231,11.752
2026-02-06,CCC,182,460,11.997
2026-02-06,DDD,160,318,12.917
2026-02-06,EEE,282,181,13.976
2026-02-06,FFF,131,317,14.489
2026-02-06,GGG,239,361,15.353
2026-02-06,HHH,435,400,16.31
2026-02-09,AAA,478,218,10.94
2026-02-09,BBB,296,267,11.509
2026-02-09,CCC,193,625,11.848
2026-02-09,DDD,234,312,13.002
2026-02-09,EEE,307,175,14.012
2026-02-09,FFF,82,347,14.415
2026-02-09,GGG,157,340,15.297
2026-02-09,HHH,259,356,16.183
2026-02-10,AAA,301,97,10.889
2026-02-10,BBB,471,203,11.753
2026-02-10,CCC,129,573,11.841
2026-02-10,DDD,275,313,13.047
2026-02-10,EEE,490,265,14.11
2026-02-10,FFF,173,377,14.481
2026-02-10,GGG,104,386,15.203
2026-02-10,HHH,352,395,16.242
2026-02-11,AAA,350,198,10.842
2026-02-11,BBB,336,222,11.604
2026-02-11,CCC,139,619,11.81
2026-02-11,DDD,124,316,12.898
2026-02-11,EEE,459,154,14.195
2026-02-11,FFF,100,244,14.546
2026-02-11,GGG,53,547,14.996
2026-02-11,HHH,404,378,16.316
2026-02-12,AAA,365,222,10.838
2026-02-12,BBB,467,242,11.72
2026-02-12,CCC,273,563,12.005
2026-02-12,DDD,39,233,12.901
2026-02-12,EEE,331,204,14.022
2026-02-12,FFF,119,238,14.576
2026-02-12,GGG,138,377,15.256
2026-02-12,HHH,398,309,16.384
2026-02-13,AAA,436,315,10.821
2026-02-13,BBB,387,336,11.551
2026-02-13,CCC,141,533,11.908
2026-02-13,DDD,141,252,12.989
2026-02-13,EEE,481,77,14.304
2026-02-13,FFF,203,342,14.561
2026-02-13,GGG,190,469,15.221
2026-02-13,HHH,442,407,16.335
2026-02-16,AAA,375,228,10.852
2026-02-16,BBB,477,77,11.905
2026-02-16,CCC,241,512,12.034
2026-02-16,DDD,152,386,12.871
2026-02-16,EEE,446,222,14.129
2026-02-16,FFF,151,274,14.582
2026-02-16,GGG,184,528,15.161
2026-02-16,HHH,471,338,16.438
2026-02-17,AAA,410,293,10.827
2026-02-17,BBB,368,213,11.665
2026-02-17,CCC,195,557,11.948
2026-02-17,DDD,235,303,13.042
2026-02-17,EEE,379,390,13.899
2026-02-17,FFF,128,376,14.462
2026-02-17,GGG,201,427,15.284
2026-02-17,HHH,426,239,16.497
2026-02-18,AAA,319,242,10.792
2026-02-18,BBB,249,86,11.678
2026-02-18,CCC,129,524,11.92
2026-02-18,DDD,193,182,13.126
2026-02-18,EEE,420,175,14.16
2026-02-18,FFF,164,241,14.638
2026-02-18,GGG,105,663,14.957
2026-02-18,HHH,416,308,16.423
2026-02-19,AAA,522,303,10.939
2026-02-19,BBB,180,211,11.489
2026-02-19,CCC,229,525,12.024
2026-02-19,DDD,139,363,12.896
2026-02-19,EEE,369,193,14.096
2026-02-19,FFF,93,297,14.516
2026-02-19,GGG,152,477,15.195
2026-02-19,HHH,459,290,16.489
2026-02-20,AAA,233,118,10.84
2026-02-20,BBB,449,157,11.817
2026-02-20,CCC,146,629,11.842
2026-02-20,DDD,338,182,13.281
2026-02-20,EEE,499,244,14.18
2026-02-20,FFF,166,186,14.705
2026-02-20,GGG,83,546,15.062
2026-02-20,HHH,256,465,16.116
2026-02-23,AAA,419,207,10.942
2026-02-23,BBB,239,213,11.556
2026-02-23,CCC,244,602,11.972
2026-02-23,DDD,207,333,13.004
2026-02-23,EEE,428,277,14.081
2026-02-23,FFF,316,262,14.784
2026-02-23,GGG,163,539,15.154
2026-02-23,HHH,359,194,16.495
2026-02-24,AAA,403,170,10.968
2026-02-24,BBB,479,312,11.702
2026-02-24,CCC,260,676,11.919
2026-02-24,DDD,263,305,13.093
2026-02-24,EEE,319,259,13.995
2026-02-24,FFF,330,355,14.71
2026-02-24,GGG,282,544,15.273
2026-02-24,HHH,430,235,16.53
2026-02-25,AAA,409,303,10.846
2026-02-25,BBB,390,214,11.716
2026-02-25,CCC,107,475,11.972
2026-02-25,DDD,125,217,13.048
2026-02-25,EEE,470,323,14.087
2026-02-25,FFF,78,370,14.448
2026-02-25,GGG,201,440,15.301
2026-02-25,HHH,401,441,16.3
2026-02-26,AAA,387,257,10.875
2026-02-26,BBB,356,209,11.692
2026-02-26,CCC,11,562,11.794
2026-02-26,DDD,214,190,13.169
2026-02-26,EEE,380,66,14.259
2026-02-26,FFF,221,295,14.671
2026-02-26,GGG,203,349,15.399
2026-02-26,HHH,407,328,16.424
2026-02-27,AAA,305,279,10.776
2026-02-27,BBB,514,191,11.873
2026-02-27,CCC,120,351,12.119
2026-02-27,DDD,326,294,13.182
2026-02-27,EEE,322,215,14.057
2026-02-27,FFF,101,308,14.543
2026-02-27,GGG,87,391,15.246
2026-02-27,HHH,521,347,16.524
2026-03-02,AAA,350,176,10.929
2026-03-02,BBB,509,179,11.885
2026-03-02,CCC,242,347,12.25
2026-03-02,DDD,245,354,13.046
2026-03-02,EEE,338,143,14.15
2026-03-02,FFF,179,298,14.636
2026-03-02,GGG,243,447,15.351
2026-03-02,HHH,281,296,16.34
2026-03-03,AAA,531,110,11.181
2026-03-03,BBB,382,273,11.669
2026-03-03,CCC,292,337,12.315
2026-03-03,DDD,288,290,13.158
2026-03-03,EEE,423,195,14.188
2026-03-03,FFF,57,335,14.482
2026-03-03,GGG,25,604,14.981
2026-03-03,HHH,553,402,16.511
2026-03-04,AAA,337,195,10.907
2026-03-04,BBB,431,301,11.695
2026-03-04,CCC,157,287,12.235
2026-03-04,DDD,194,416,12.943
2026-03-04,EEE,363,327,14.001
2026-03-04,FFF,187,280,14.672
2026-03-04,GGG,164,434,15.295
2026-03-04,HHH,416,296,16.485
2026-03-05,AAA,339,236,10.873
2026-03-05,BBB,353,212,11.711
2026-03-05,CCC,246,382,12.234
2026-03-05,DDD,181,325,13.026
2026-03-05,EEE,395,1,14.364
2026-03-05,FFF,139,294,14.615
2026-03-05,GGG,234,566,15.238
2026-03-05,HHH,366,258,16.478
2026-03-06,AAA,303,247,10.831
2026-03-06,BBB,440,173,11.842
2026-03-06,CCC,253,389,12.239
2026-03-06,DDD,166,293,13.048
2026-03-06,EEE,367,225,14.117
2026-03-06,FFF,22,192,14.605
2026-03-06,GGG,160,497,15.238
2026-03-06,HHH,470,152,16.693
2026-03-09,AAA,497,85,11.192
2026-03-09,BBB,428,232,11.776
2026-03-09,CCC,79,337,12.122
2026-03-09,DDD,159,300,13.039
2026-03-09,EEE,409,128,14.261
2026-03-09,FFF,96,191,14.685
2026-03-09,GGG,216,511,15.285
2026-03-09,HHH,326,238,16.468
2026-03-10,AAA,395,151,11.029
2026-03-10,BBB,421,264,11.742
2026-03-10,CCC,87,322,12.15
2026-03-10,DDD,137,376,12.946
2026-03-10,EEE,263,295,13.953
2026-03-10,FFF,160,321,14.624
2026-03-10,GGG,139,332,15.392
2026-03-10,HHH,412,386,16.411
2026-03-11,AAA,455,211,11.034
2026-03-11,BBB,301,109,11.782
2026-03-11,CCC,231,308,12.313
2026-03-11,DDD,194,285,13.099
2026-03-11,EEE,341,245,14.086
2026-03-11,FFF,85,380,14.495
2026-03-11,GGG,200,529,15.261
2026-03-11,HHH,435,407,16.418
2026-03-12,AAA,390,267,10.918
2026-03-12,BBB,431,247,11.779
2026-03-12,CCC,177,224,12.348
2026-03-12,DDD,250,436,13.009
2026-03-12,EEE,426,293,14.128
2026-03-12,FFF,156,219,14.732
2026-03-12,GGG,314,480,15.429
2026-03-12,HHH,334,352,16.377
2026-03-13,AAA,332,275,10.857
2026-03-13,BBB,448,204,11.844
2026-03-13,CCC,216,227,12.389
2026-03-13,DDD,236,313,13.123
2026-03-13,EEE,337,234,14.103
2026-03-13,FFF,161,336,14.625
2026-03-13,GGG,236,507,15.329
2026-03-13,HHH,392,308,16.484
2026-03-16,AAA,395,285,10.915
2026-03-16,BBB,290,259,11.636
2026-03-16,CCC,201,191,12.415
2026-03-16,DDD,141,319,13.027
2026-03-16,EEE,497,234,14.268
2026-03-16,FFF,138,345,14.598
2026-03-16,GGG,214,509,15.31
2026-03-16,HHH,578,339,16.644
2026-03-17,AAA,307,297,10.82
2026-03-17,BBB,341,352,11.599
2026-03-17,CCC,222,309,12.323
2026-03-17,DDD,183,336,13.057
2026-03-17,EEE,485,276,14.219
2026-03-17,FFF,195,249,14.756
2026-03-17,GGG,194,540,15.264
2026-03-17,HHH,415,303,16.522
2026-03-18,AAA,323,359,10.779
2026-03-18,BBB,405,226,11.794
2026-03-18,CCC,183,289,12.309
2026-03-18,DDD,132,488,12.859
2026-03-18,EEE,334,189,14.16
2026-03-18,FFF,84,302,14.597
2026-03-18,GGG,205,453,15.367
2026-03-18,HHH,513,389,16.539
2026-03-19,AAA,361,156,11.025
2026-03-19,BBB,532,196,11.956
2026-03-19,CCC,169,411,12.178
2026-03-19,DDD,254,324,13.15
2026-03-19,EEE,419,226,14.213
2026-03-19,FFF,188,289,14.719
2026-03-19,GGG,246,495,15.371
2026-03-19,HHH,426,302,16.544
2026-03-20,AAA,328,294,10.859
2026-03-20,BBB,423,179,11.869
2026-03-20,CCC,193,198,12.42
2026-03-20,DDD,176,393,13.008
2026-03-20,EEE,432,198,14.259
2026-03-20,FFF,171,297,14.699
2026-03-20,GGG,167,471,15.321
2026-03-20,HHH,303,256,16.472
2026-03-23,AAA,401,226,11.005
2026-03-23,BBB,457,248,11.839
2026-03-23,CCC,191,237,12.384
2026-03-23,DDD,232,211,13.251
2026-03-23,EEE,364,230,14.164
2026-03-23,FFF,121,393,14.558
2026-03-23,GGG,260,408,15.482
2026-03-23,HHH,331,340,16.421
2026-03-24,AAA,399,368,10.866
2026-03-24,BBB,453,381,11.707
2026-03-24,CCC,86,242,12.279
2026-03-24,DDD,121,230,13.126
2026-03-24,EEE,316,339,14.012
2026-03-24,FFF,210,388,14.657
2026-03-24,GGG,228,482,15.381
2026-03-24,HHH,360,387,16.408
2026-03-25,AAA,519,105,11.254
2026-03-25,BBB,493,263,11.87
2026-03-25,CCC,125,237,12.328
2026-03-25,DDD,181,299,13.122
2026-03-25,EEE,441,214,14.267
2026-03-25,FFF,96,328,14.608
2026-03-25,GGG,147,557,15.23
2026-03-25,HHH,479,350,16.569
2026-03-26,AAA,475,222,11.098
2026-03-26,BBB,390,368,11.667
2026-03-26,CCC,59,391,12.113
2026-03-26,DDD,322,415,13.152
2026-03-26,EEE,357,298,14.104
2026-03-26,FFF,192,360,14.677
2026-03-26,GGG,150,459,15.336
2026-03-26,HHH,487,272,16.66
2026-03-27,AAA,324,157,11.017
2026-03-27,BBB,311,258,11.703
2026-03-27,CCC,290,449,12.291
2026-03-27,DDD,42,275,13.017
2026-03-27,EEE,449,261,14.238
2026-03-27,FFF,177,406,14.621
2026-03-27,GGG,248,463,15.435
2026-03-27,HHH,273,309,16.414
2026-03-30,AAA,454,264,11.045
2026-03-30,BBB,465,263,11.857
2026-03-30,CCC,38,239,12.254
2026-03-30,DDD,295,390,13.16
2026-03-30,EEE,478,302,14.231
2026-03-30,FFF,171,396,14.63
2026-03-30,GGG,132,530,15.257
2026-03-30,HHH,404,231,16.628
2026-03-31,AAA,279,142,10.997
2026-03-31,BBB,437,237,11.86
2026-03-31,CCC,172,316,12.316
2026-03-31,DDD,189,443,13.006
2026-03-31,EEE,379,155,14.284
2026-03-31,FFF,170,256,14.774
2026-03-31,GGG,240,504,15.396
2026-03-31,HHH,422,386,16.496
2026-04-01,AAA,320,166,11.019
2026-04-01,BBB,381,147,11.899
2026-04-01,CCC,190,243,12.412
2026-04-01,DDD,103,251,13.117
2026-04-01,EEE,476,294,14.247
2026-04-01,FFF,262,363,14.764
2026-04-01,GGG,217,462,15.42
2026-04-01,HHH,386,329,16.522
2026-04-02,AAA,471,86,11.255
2026-04-02,BBB,476,293,11.853
2026-04-02,CCC,183,448,12.205
2026-04-02,DDD,234,340,13.164
2026-04-02,EEE,416,282,14.204
2026-04-02,FFF,123,429,14.564
2026-04-02,GGG,48,436,15.282
2026-04-02,HHH,406,277,16.599
2026-04-03,AAA,280,295,10.86
2026-04-03,BBB,221,281,11.615
2026-04-03,CCC,170,344,12.301
2026-04-03,DDD,221,228,13.268
2026-04-03,EEE,355,47,14.383
2026-04-03,FFF,33,337,14.571
2026-04-03,GGG,328,502,15.501
2026-04-03,HHH,357,381,16.451
2026-04-06,AAA,439,302,11.017
2026-04-06,BBB,502,277,11.905
2026-04-06,CCC,197,211,12.466
2026-04-06,DDD,149,294,13.135
2026-04-06,EEE,371,255,14.196
2026-04-06,FFF,193,277,14.796
2026-04-06,GGG,236,493,15.423
2026-04-06,HHH,353,350,16.483
2026-04-07,AAA,377,265,10.997
2026-04-07,BBB,501,116,12.07
2026-04-07,CCC,196,304,12.377
2026-04-07,DDD,211,416,13.08
2026-04-07,EEE,544,225,14.404
2026-04-07,FFF,133,461,14.557
2026-04-07,GGG,250,510,15.425
2026-04-07,HHH,488,253,16.72
2026-04-08,AAA,464,262,11.092
2026-04-08,BBB,416,154,11.952
2026-04-08,CCC,221,501,12.21
2026-04-08,DDD,82,435,12.937
2026-04-08,EEE,432,275,14.247
2026-04-08,FFF,159,490,14.559
2026-04-08,GGG,197,451,15.436
2026-04-08,HHH,370,401,16.459
2026-04-09,AAA,492,98,11.289
2026-04-09,BBB,310,188,11.817
2026-04-09,CCC,7,268,12.234
2026-04-09,DDD,134,378,13.051
2026-04-09,EEE,491,210,14.376
2026-04-09,FFF,251,132,15.014
2026-04-09,GGG,140,431,15.404
2026-04-09,HHH,436,313,16.618
2026-04-10,AAA,501,200,11.201
2026-04-10,BBB,395,120,11.975
2026-04-10,CCC,278,236,12.542
2026-04-10,DDD,305,330,13.275
2026-04-10,EEE,544,291,14.353
2026-04-10,FFF,87,302,14.685
2026-04-10,GGG,135,429,15.406
2026-04-10,HHH,409,335,16.574
2026-04-13,AAA,359,171,11.093
2026-04-13,BBB,454,211,11.948
2026-04-13,CCC,164,471,12.198
2026-04-13,DDD,196,295,13.206
2026-04-13,EEE,432,283,14.254
2026-04-13,FFF,243,334,14.814
2026-04-13,GGG,92,498,15.299
2026-04-13,HHH,541,325,16.721
2026-04-14,AAA,406,147,11.169
2026-04-14,BBB,360,203,11.867
2026-04-14,CCC,114,365,12.259
2026-04-14,DDD,143,228,13.225
2026-04-14,EEE,317,209,14.218
2026-04-14,FFF,1,439,14.472
2026-04-14,GGG,246,497,15.459
2026-04-14,HHH,337,256,16.591
2026-04-15,AAA,368,340,10.943
2026-04-15,BBB,437,287,11.865
2026-04-15,CCC,264,247,12.532
2026-04-15,DDD,63,303,13.075
2026-04-15,EEE,312,251,14.176
2026-04-15,FFF,176,330,14.761
2026-04-15,GGG,155,413,15.457
2026-04-15,HHH,439,258,16.696
