timestamp,trade_date,ticker,bid_1_price,bid_2_price,bid_3_price,bid_4_price,bid_5_price,bid_1_lot,bid_2_lot,bid_3_lot,bid_4_lot,bid_5_lot,offer_1_price,offer_2_price,offer_3_price,offer_4_price,offer_5_price,offer_1_lot,offer_2_lot,offer_3_lot,offer_4_lot,offer_5_lot
2026-04-09 09:00:00,2026-04-09,AAA,213.78,213.65,213.52,213.39,213.27,2845,2133,1961,1625,1486,214.42,214.55,214.68,214.81,214.94,1628,1534,1377,1193,877
2026-04-09 09:00:15,2026-04-09,AAA,213.52,213.39,213.26,213.14,213.01,2364,2086,1761,1543,1172,214.16,214.29,214.42,214.55,214.68,2026,1689,1350,1114,939
2026-04-09 09:00:30,2026-04-09,AAA,214.47,214.34,214.22,214.09,213.96,2497,1999,1779,1597,1436,215.12,215.25,215.38,215.5,215.63,1759,1586,1302,970,808
2026-04-09 09:00:45,2026-04-09,AAA,214.84,214.71,214.58,214.45,214.32,2593,2205,1925,1593,1472,215.49,215.62,215.74,215.87,216.0,1701,1556,1292,1002,893
2026-04-09 09:01:00,2026-04-09,AAA,214.73,214.6,214.47,214.34,214.22,2588,1944,1905,1534,1220,215.38,215.51,215.63,215.76,215.89,1774,1646,1480,1244,1095
2026-04-09 09:01:15,2026-04-09,AAA,214.7,214.57,214.45,214.32,214.19,2485,1896,1975,1565,1357,215.35,215.48,215.61,215.74,215.86,1878,1564,1394,1173,1008
2026-04-09 09:01:30,2026-04-09,AAA,214.4,214.27,214.14,214.01,213.88,2624,2221,1867,1825,1317,215.04,215.17,215.3,215.43,215.56,1823,1368,1485,1170,990
2026-04-09 09:01:45,2026-04-09,AAA,214.49,214.36,214.23,214.1,213.97,2396,1941,1835,1524,1384,215.13,215.26,215.39,215.52,215.65,1749,1614,1302,1104,823
2026-04-10 09:00:00,2026-04-10,AAA,211.79,211.66,211.53,211.41,211.28,2690,2050,1884,1541,1289,212.42,212.55,212.68,212.81,212.93,2035,1422,1323,1106,914
2026-04-10 09:00:15,2026-04-10,AAA,211.19,211.06,210.93,210.81,210.68,2575,1981,1832,1637,1373,211.82,211.95,212.07,212.2,212.33,1725,1541,1265,1008,966
2026-04-10 09:00:30,2026-04-10,AAA,210.53,210.41,210.28,210.16,210.03,2165,2095,1791,1589,1337,211.17,211.29,211.42,211.55,211.67,1975,1705,1390,1095,963
2026-04-10 09:00:45,2026-04-10,AAA,210.57,210.45,210.32,210.2,210.07,2683,2237,1774,1539,1465,211.21,211.33,211.46,211.59,211.71,1989,1574,1308,1087,860
2026-04-10 09:01:00,2026-04-10,AAA,211.03,210.9,210.78,210.65,210.52,2562,1928,1732,1692,1379,211.66,211.79,211.92,212.04,212.17,1761,1641,1278,1057,959
2026-04-10 09:01:15,2026-04-10,AAA,211.44,211.31,211.19,211.06,210.93,2717,1947,1905,1489,1206,212.08,212.2,212.33,212.46,212.59,1684,1621,1466,1015,758
2026-04-10 09:01:30,2026-04-10,AAA,210.83,210.7,210.57,210.45,210.32,2146,1911,1838,1594,1433,211.46,211.59,211.71,211.84,211.97,1823,1810,1306,1216,866
2026-04-10 09:01:45,2026-04-10,AAA,211.72,211.59,211.47,211.34,211.21,2557,2248,1714,1675,1477,212.36,212.48,212.61,212.74,212.87,1700,1640,1231,1045,926
2026-04-13 09:00:00,2026-04-13,AAA,214.29,214.16,214.03,213.9,213.77,2398,2019,1980,1585,1328,214.93,215.06,215.19,215.32,215.45,1802,1555,1196,1040,1046
2026-04-13 09:00:15,2026-04-13,AAA,214.34,214.22,214.09,213.96,213.83,2384,2126,1997,1574,1377,214.99,215.12,215.25,215.38,215.5,1758,1511,1377,1150,857
2026-04-13 09:00:30,2026-04-13,AAA,214.47,214.34,214.21,214.08,213.95,2550,2155,1856,1722,1331,215.11,215.24,215.37,215.5,215.63,1773,1500,1439,1147,1095
2026-04-13 09:00:45,2026-04-13,AAA,214.88,214.75,214.62,214.49,214.36,2657,2113,1814,1620,1359,215.52,215.65,215.78,215.91,216.04,2111,1456,1326,1067,1042
2026-04-13 09:01:00,2026-04-13,AAA,214.89,214.76,214.63,214.5,214.37,2710,2039,1839,1620,1207,215.53,215.66,215.79,215.92,216.05,1829,1575,1372,1011,956
2026-04-13 09:01:15,2026-04-13,AAA,215.36,215.23,215.1,214.97,214.84,2488,2062,1894,1595,1271,216.01,216.14,216.27,216.39,216.52,1917,1389,1230,1189,921
2026-04-13 09:01:30,2026-04-13,AAA,215.56,215.43,215.3,215.17,215.04,2598,2240,1731,1542,1497,216.21,216.34,216.47,216.6,216.73,1800,1518,1192,1074,988
2026-04-13 09:01:45,2026-04-13,AAA,214.79,214.66,214.54,214.41,214.28,2522,2155,1823,1655,1300,215.44,215.57,215.7,215.83,215.96,1874,1554,1378,984,1115
2026-04-14 09:00:00,2026-04-14,AAA,214.76,214.63,214.5,214.37,214.24,2655,2259,2003,1652,1281,215.41,215.53,215.66,215.79,215.92,1959,1433,1393,1001,991
2026-04-14 09:00:15,2026-04-14,AAA,214.39,214.26,214.13,214.0,213.87,2185,1913,1940,1639,1358,215.03,215.16,215.29,215.42,215.55,2081,1429,1212,1023,943
2026-04-14 09:00:30,2026-04-14,AAA,215.42,215.29,215.16,215.03,214.9,2381,2192,1847,1517,1303,216.07,216.2,216.33,216.46,216.59,1837,1657,1192,1310,960
2026-04-14 09:00:45,2026-04-14,AAA,215.72,215.59,215.47,215.34,215.21,2446,2158,1927,1622,1258,216.37,216.5,216.63,216.76,216.89,1789,1588,1193,1064,891
2026-04-14 09:01:00,2026-04-14,AAA,216.44,216.31,216.18,216.05,215.92,2641,2207,1991,1512,1312,217.09,217.22,217.35,217.48,217.61,2032,1451,1431,1101,1021
2026-04-14 09:01:15,2026-04-14,AAA,215.49,215.36,215.23,215.1,214.97,2467,2338,2046,1625,1282,216.14,216.27,216.39,216.52,216.65,1766,1418,1239,1139,951
2026-04-14 09:01:30,2026-04-14,AAA,215.46,215.33,215.21,215.08,214.95,2498,2208,2013,1570,1412,216.11,216.24,216.37,216.5,216.63,1996,1701,1488,1006,935
2026-04-14 09:01:45,2026-04-14,AAA,215.38,215.25,215.12,214.99,214.86,2624,2137,1741,1540,1378,216.03,216.16,216.29,216.42,216.55,2002,1605,1211,1049,1058
2026-04-15 09:00:00,2026-04-15,AAA,212.45,212.32,212.19,212.07,211.94,2687,1953,1770,1531,1468,213.09,213.21,213.34,213.47,213.6,1802,1517,1171,1154,938
2026-04-15 09:00:15,2026-04-15,AAA,211.61,211.48,211.35,211.23,211.1,2786,2235,1952,1458,1327,212.24,212.37,212.5,212.63,212.75,2183,1385,1356,1138,991
2026-04-15 09:00:30,2026-04-15,AAA,212.2,212.07,211.94,211.82,211.69,2043,2150,1749,1520,1364,212.83,212.96,213.09,213.22,213.35,2043,1569,1294,958,885
2026-04-15 09:00:45,2026-04-15,AAA,212.88,212.75,212.63,212.5,212.37,2230,2120,1853,1583,1285,213.52,213.65,213.78,213.91,214.03,2079,1399,1380,1046,932
2026-04-15 09:01:00,2026-04-15,AAA,213.22,213.09,212.96,212.83,212.71,2533,2006,1915,1729,1375,213.86,213.99,214.11,214.24,214.37,1747,1589,1251,934,971
2026-04-15 09:01:15,2026-04-15,AAA,212.94,212.81,212.68,212.56,212.43,2630,2051,1835,1608,1402,213.58,213.71,213.84,213.96,214.09,2147,1573,1242,1115,873
2026-04-15 09:01:30,2026-04-15,AAA,212.99,212.86,212.73,212.6,212.48,2387,2070,1682,1623,1321,213.63,213.76,213.88,214.01,214.14,1828,1730,1637,904,867
2026-04-15 09:01:45,2026-04-15,AAA,212.82,212.69,212.57,212.44,212.31,2503,2123,1678,1774,1379,213.46,213.59,213.72,213.84,213.97,2036,1523,1341,998,899
2026-04-09 09:00:00,2026-04-09,BBB,124.72,124.64,124.57,124.49,124.42,2585,2122,2008,1562,1385,125.09,125.17,125.24,125.32,125.39,2011,1710,1166,1222,1015
2026-04-09 09:00:15,2026-04-09,BBB,125.15,125.07,125.0,124.92,124.85,2282,1993,1839,1564,1194,125.52,125.6,125.67,125.75,125.82,1870,1287,1252,1114,817
2026-04-09 09:00:30,2026-04-09,BBB,125.54,125.46,125.38,125.31,125.23,2178,2299,1854,1624,1321,125.91,125.99,126.06,126.14,126.21,1813,1548,1357,1204,985
2026-04-09 09:00:45,2026-04-09,BBB,125.69,125.62,125.54,125.47,125.39,2371,1992,1702,1654,1357,126.07,126.15,126.22,126.3,126.37,1821,1610,1360,885,895
2026-04-09 09:01:00,2026-04-09,BBB,125.84,125.77,125.69,125.62,125.54,2755,2115,1824,1589,1318,126.22,126.3,126.37,126.45,126.52,1923,1569,1287,1029,763
2026-04-09 09:01:15,2026-04-09,BBB,125.52,125.44,125.37,125.29,125.22,2276,2405,1924,1518,1445,125.9,125.97,126.05,126.12,126.2,2050,1539,1369,1163,1075
2026-04-09 09:01:30,2026-04-09,BBB,125.74,125.67,125.59,125.52,125.44,2579,2233,1798,1589,1267,126.12,126.2,126.27,126.35,126.42,1947,1371,1287,1074,893
2026-04-09 09:01:45,2026-04-09,BBB,125.7,125.63,125.55,125.47,125.4,2345,1998,1859,1654,1316,126.08,126.15,126.23,126.31,126.38,1770,1665,1156,965,921
2026-04-10 09:00:00,2026-04-10,BBB,126.69,126.62,126.54,126.47,126.39,2504,2147,1809,1551,1307,127.07,127.15,127.23,127.3,127.38,1918,1622,1315,1048,791
2026-04-10 09:00:15,2026-04-10,BBB,126.84,126.77,126.69,126.61,126.54,2436,2164,1674,1663,1400,127.22,127.3,127.38,127.45,127.53,1767,1607,1406,1153,1004
2026-04-10 09:00:30,2026-04-10,BBB,126.32,126.25,126.17,126.1,126.02,2678,1921,1828,1646,1231,126.7,126.78,126.86,126.93,127.01,1717,1432,1362,981,1008
2026-04-10 09:00:45,2026-04-10,BBB,126.6,126.52,126.45,126.37,126.29,2416,1951,1801,1584,1289,126.98,127.05,127.13,127.21,127.28,1675,1279,1264,1084,1046
2026-04-10 09:01:00,2026-04-10,BBB,126.57,126.49,126.42,126.34,126.26,2766,1948,1929,1595,1283,126.95,127.02,127.1,127.18,127.25,1907,1489,1294,1267,950
2026-04-10 09:01:15,2026-04-10,BBB,126.8,126.72,126.65,126.57,126.5,2324,2005,1746,1632,1422,127.18,127.26,127.33,127.41,127.49,1934,1297,1127,1174,802
2026-04-10 09:01:30,2026-04-10,BBB,127.32,127.24,127.17,127.09,127.01,2448,1893,1662,1836,1476,127.7,127.78,127.85,127.93,128.01,1865,1664,1397,1073,825
2026-04-10 09:01:45,2026-04-10,BBB,127.56,127.48,127.41,127.33,127.25,2726,1935,1858,1665,1236,127.94,128.02,128.1,128.17,128.25,2096,1628,1232,1214,895
2026-04-13 09:00:00,2026-04-13,BBB,125.51,125.44,125.36,125.28,125.21,2297,2070,1835,1575,1299,125.89,125.96,126.04,126.11,126.19,2412,1365,1347,1004,934
2026-04-13 09:00:15,2026-04-13,BBB,125.32,125.25,125.17,125.1,125.02,2722,2212,1840,1467,1250,125.7,125.77,125.85,125.92,126.0,1820,1293,1307,1135,818
2026-04-13 09:00:30,2026-04-13,BBB,125.38,125.31,125.23,125.15,125.08,2554,2158,1853,1760,1353,125.76,125.83,125.91,125.98,126.06,2021,1641,1245,1105,900
2026-04-13 09:00:45,2026-04-13,BBB,125.53,125.45,125.38,125.3,125.23,2324,1998,1904,1656,1394,125.9,125.98,126.06,126.13,126.21,1830,1752,1329,1039,834
2026-04-13 09:01:00,2026-04-13,BBB,125.76,125.68,125.61,125.53,125.45,2587,1982,1908,1649,1383,126.13,126.21,126.29,126.36,126.44,1933,1730,1454,1053,844
2026-04-13 09:01:15,2026-04-13,BBB,125.95,125.88,125.8,125.73,125.65,2550,2238,1943,1461,1358,126.33,126.41,126.48,126.56,126.63,1868,1553,1380,1223,967
2026-04-13 09:01:30,2026-04-13,BBB,126.45,126.38,126.3,126.23,126.15,2458,2068,1860,1677,1449,126.83,126.91,126.99,127.06,127.14,2207,1581,1385,1201,865
2026-04-13 09:01:45,2026-04-13,BBB,126.27,126.2,126.12,126.05,125.97,2691,2056,1922,1588,1374,126.65,126.73,126.81,126.88,126.96,2071,1763,1252,1090,956
2026-04-14 09:00:00,2026-04-14,BBB,125.53,125.46,125.38,125.31,125.23,2424,2024,1864,1574,1306,125.91,125.98,126.06,126.14,126.21,1644,1743,1402,1310,931
2026-04-14 09:00:15,2026-04-14,BBB,125.09,125.02,124.94,124.87,124.79,2591,1999,2064,1695,1274,125.47,125.54,125.62,125.69,125.77,1764,1400,1356,1038,741
2026-04-14 09:00:30,2026-04-14,BBB,125.17,125.09,125.02,124.94,124.87,2368,2211,1686,1761,1309,125.54,125.62,125.69,125.77,125.84,1904,1670,1550,1023,798
2026-04-14 09:00:45,2026-04-14,BBB,124.97,124.89,124.82,124.74,124.67,2662,2042,1800,1672,1402,125.35,125.42,125.5,125.57,125.65,1879,1532,1237,944,941
2026-04-14 09:01:00,2026-04-14,BBB,125.03,124.96,124.88,124.81,124.73,2291,2213,1816,1497,1374,125.41,125.48,125.56,125.63,125.71,1931,1674,1309,1013,893
2026-04-14 09:01:15,2026-04-14,BBB,125.1,125.03,124.95,124.88,124.8,2260,1994,2009,1410,1295,125.48,125.56,125.63,125.71,125.78,2160,1650,1157,1004,788
2026-04-14 09:01:30,2026-04-14,BBB,125.11,125.04,124.96,124.89,124.81,2507,1961,1801,1676,1386,125.49,125.56,125.64,125.71,125.79,1667,1720,1142,1009,741
2026-04-14 09:01:45,2026-04-14,BBB,124.92,124.85,124.77,124.7,124.62,2525,2194,1875,1584,1191,125.3,125.37,125.45,125.52,125.6,1958,1416,1388,1128,926
2026-04-15 09:00:00,2026-04-15,BBB,125.15,125.07,125.0,124.92,124.85,2789,2215,1788,1687,1340,125.52,125.6,125.67,125.75,125.82,1839,1452,1382,1120,992
2026-04-15 09:00:15,2026-04-15,BBB,125.05,124.97,124.9,124.82,124.74,2908,2210,1818,1521,1327,125.42,125.5,125.57,125.65,125.72,2021,1941,1241,1074,1025
2026-04-15 09:00:30,2026-04-15,BBB,125.3,125.23,125.15,125.08,125.0,2464,2172,1874,1706,1363,125.68,125.76,125.83,125.91,125.98,1864,1383,1148,1267,1001
2026-04-15 09:00:45,2026-04-15,BBB,125.51,125.43,125.36,125.28,125.21,2041,2132,1834,1549,1166,125.89,125.96,126.04,126.11,126.19,1925,1608,1224,1177,887
2026-04-15 09:01:00,2026-04-15,BBB,125.99,125.92,125.84,125.77,125.69,3054,2146,1817,1674,1310,126.37,126.45,126.52,126.6,126.67,1703,1546,1279,1196,1022
2026-04-15 09:01:15,2026-04-15,BBB,126.32,126.24,126.17,126.09,126.02,2820,2225,1977,1616,1336,126.7,126.77,126.85,126.93,127.0,1863,1416,1267,1052,945
2026-04-15 09:01:30,2026-04-15,BBB,126.31,126.24,126.16,126.09,126.01,2504,2186,1796,1695,1234,126.69,126.77,126.85,126.92,127.0,1919,1563,1215,1105,1017
2026-04-15 09:01:45,2026-04-15,BBB,126.21,126.14,126.06,125.99,125.91,2651,2159,1924,1641,1356,126.59,126.67,126.74,126.82,126.9,2022,1516,1354,922,1015
2026-04-09 09:00:00,2026-04-09,CCC,100.24,100.18,100.12,100.06,100.0,1363,1211,1050,1057,1040,100.54,100.6,100.66,100.72,100.78,2882,2422,2140,2190,1786
2026-04-09 09:00:15,2026-04-09,CCC,100.21,100.15,100.08,100.02,99.96,1456,1290,1095,1009,971,100.51,100.57,100.63,100.69,100.75,2648,2627,2329,2065,1868
2026-04-09 09:00:30,2026-04-09,CCC,99.94,99.88,99.82,99.76,99.7,1561,1268,952,1063,1033,100.24,100.3,100.36,100.42,100.48,2787,2505,2420,1976,1943
2026-04-09 09:00:45,2026-04-09,CCC,99.9,99.84,99.78,99.72,99.66,1467,1167,1178,1084,1009,100.2,100.26,100.32,100.38,100.44,2725,2736,2377,2246,1717
2026-04-09 09:01:00,2026-04-09,CCC,99.92,99.86,99.8,99.74,99.68,1448,1346,1065,987,954,100.22,100.28,100.34,100.41,100.47,3087,2621,2289,1951,1900
2026-04-09 09:01:15,2026-04-09,CCC,99.89,99.83,99.77,99.71,99.65,1367,1208,1018,1097,886,100.19,100.25,100.31,100.37,100.43,2857,2628,2244,2060,1785
2026-04-09 09:01:30,2026-04-09,CCC,99.62,99.56,99.5,99.44,99.38,1357,1196,1008,1025,916,99.92,99.98,100.04,100.1,100.16,2928,2594,2177,2244,1753
2026-04-09 09:01:45,2026-04-09,CCC,99.71,99.65,99.59,99.53,99.47,1225,1260,991,1045,979,100.01,100.07,100.13,100.19,100.25,2758,2381,2315,1980,1855
2026-04-10 09:00:00,2026-04-10,CCC,99.75,99.69,99.63,99.57,99.51,1531,1110,1012,1071,951,100.05,100.11,100.17,100.23,100.29,2955,2497,2254,1987,1705
2026-04-10 09:00:15,2026-04-10,CCC,99.51,99.45,99.39,99.33,99.27,1291,1247,1119,911,942,99.81,99.87,99.93,99.99,100.05,3100,2624,2153,2096,1915
2026-04-10 09:00:30,2026-04-10,CCC,99.42,99.36,99.3,99.24,99.18,1217,1267,898,1122,1070,99.71,99.77,99.83,99.89,99.95,3073,2469,2356,1983,1742
2026-04-10 09:00:45,2026-04-10,CCC,99.86,99.8,99.74,99.68,99.62,1358,1049,1238,960,1041,100.16,100.22,100.28,100.34,100.4,3324,2495,2175,2040,1925
2026-04-10 09:01:00,2026-04-10,CCC,99.53,99.47,99.41,99.35,99.29,1521,1213,923,970,1047,99.83,99.89,99.95,100.01,100.07,2983,2597,2418,1869,1782
2026-04-10 09:01:15,2026-04-10,CCC,99.6,99.54,99.48,99.42,99.36,1512,1351,1051,855,834,99.9,99.96,100.02,100.08,100.14,2896,2627,2526,1994,1832
2026-04-10 09:01:30,2026-04-10,CCC,99.39,99.33,99.27,99.21,99.15,1676,1198,869,1075,920,99.69,99.75,99.81,99.87,99.93,2617,2472,2204,2089,1873
2026-04-10 09:01:45,2026-04-10,CCC,99.15,99.09,99.03,98.97,98.91,1347,1200,1131,1099,921,99.45,99.51,99.57,99.63,99.69,2907,2641,2409,2100,1781
2026-04-13 09:00:00,2026-04-13,CCC,100.85,100.79,100.73,100.67,100.61,1419,1251,1159,1056,938,101.15,101.21,101.27,101.33,101.39,2653,2461,2374,2039,1798
2026-04-13 09:00:15,2026-04-13,CCC,100.49,100.43,100.37,100.31,100.25,1335,1101,939,984,891,100.79,100.85,100.91,100.97,101.03,2732,2799,2525,2011,1617
2026-04-13 09:00:30,2026-04-13,CCC,100.02,99.96,99.9,99.84,99.78,1434,1380,1138,989,1071,100.32,100.38,100.44,100.5,100.56,2649,2690,2431,2045,1837
2026-04-13 09:00:45,2026-04-13,CCC,99.87,99.81,99.75,99.69,99.63,1567,1217,999,1132,917,100.17,100.23,100.29,100.35,100.41,3038,2654,2380,2138,1746
2026-04-13 09:01:00,2026-04-13,CCC,99.79,99.73,99.67,99.61,99.55,1469,1034,1162,992,992,100.09,100.15,100.21,100.27,100.33,2992,2340,2350,2019,1741
2026-04-13 09:01:15,2026-04-13,CCC,99.89,99.83,99.77,99.71,99.65,1516,1232,1069,898,852,100.19,100.25,100.31,100.37,100.43,2754,2829,2491,1899,1824
2026-04-13 09:01:30,2026-04-13,CCC,99.93,99.87,99.81,99.75,99.69,1530,1130,1113,949,794,100.23,100.29,100.35,100.41,100.48,3112,2681,2313,1881,1710
2026-04-13 09:01:45,2026-04-13,CCC,99.67,99.61,99.55,99.49,99.43,1373,1203,975,976,985,99.97,100.03,100.09,100.15,100.21,2799,2380,2144,1955,1734
2026-04-14 09:00:00,2026-04-14,CCC,100.55,100.49,100.43,100.37,100.31,1618,1187,1177,1142,1033,100.85,100.91,100.97,101.03,101.09,3014,2630,2456,2187,1774
2026-04-14 09:00:15,2026-04-14,CCC,100.43,100.37,100.31,100.25,100.19,1462,1238,1094,897,1041,100.73,100.79,100.85,100.91,100.98,3040,2644,2370,2162,1787
2026-04-14 09:00:30,2026-04-14,CCC,100.56,100.5,100.43,100.37,100.31,1303,1109,1132,1092,1014,100.86,100.92,100.98,101.04,101.1,3225,2659,2291,2053,1903
2026-04-14 09:00:45,2026-04-14,CCC,100.54,100.48,100.42,100.36,100.3,1447,1168,1061,953,847,100.84,100.9,100.96,101.02,101.08,2674,2380,2190,1913,1723
2026-04-14 09:01:00,2026-04-14,CCC,100.98,100.92,100.86,100.8,100.74,1539,1095,1130,887,1001,101.28,101.35,101.41,101.47,101.53,3168,2902,2248,2051,1813
2026-04-14 09:01:15,2026-04-14,CCC,100.71,100.65,100.59,100.53,100.47,1512,1248,1107,1057,819,101.02,101.08,101.14,101.2,101.26,3083,2564,2464,2081,1852
2026-04-14 09:01:30,2026-04-14,CCC,100.69,100.63,100.56,100.5,100.44,1254,1102,1018,1065,1059,100.99,101.05,101.11,101.17,101.23,2907,2711,2204,2137,1813
2026-04-14 09:01:45,2026-04-14,CCC,100.76,100.7,100.64,100.58,100.52,1647,1314,1045,1038,1078,101.06,101.12,101.18,101.24,101.3,3018,2530,2405,2067,1765
2026-04-15 09:00:00,2026-04-15,CCC,100.44,100.38,100.32,100.26,100.2,1437,1299,1012,975,1031,100.75,100.81,100.87,100.93,100.99,2784,2495,2304,2033,1861
2026-04-15 09:00:15,2026-04-15,CCC,100.24,100.18,100.12,100.06,100.0,1294,1144,930,967,1037,100.54,100.6,100.67,100.73,100.79,2364,2627,2293,1923,1762
2026-04-15 09:00:30,2026-04-15,CCC,100.34,100.28,100.22,100.15,100.09,1552,1213,1308,832,1028,100.64,100.7,100.76,100.82,100.88,3165,2551,2084,2112,1819
2026-04-15 09:00:45,2026-04-15,CCC,100.39,100.33,100.27,100.21,100.15,1538,1255,1165,1040,930,100.69,100.76,100.82,100.88,100.94,2673,2282,2491,2134,1655
2026-04-15 09:01:00,2026-04-15,CCC,100.52,100.46,100.4,100.34,100.28,1573,1403,1146,1053,883,100.82,100.88,100.94,101.0,101.06,2749,2110,2480,1993,1755
2026-04-15 09:01:15,2026-04-15,CCC,100.29,100.23,100.17,100.11,100.04,1505,1239,1041,978,958,100.59,100.65,100.71,100.77,100.83,2605,2695,2338,1876,1685
2026-04-15 09:01:30,2026-04-15,CCC,100.07,100.01,99.95,99.89,99.83,1542,1299,1049,1071,955,100.38,100.44,100.5,100.56,100.62,3005,2561,2074,2068,1706
2026-04-15 09:01:45,2026-04-15,CCC,99.83,99.77,99.71,99.65,99.59,1358,1152,1120,1039,968,100.13,100.19,100.25,100.31,100.37,2750,2748,2293,1976,1826
2026-04-09 09:00:00,2026-04-09,DDD,72.53,72.49,72.45,72.4,72.36,1794,2241,1737,2058,1681,72.75,72.8,72.84,72.88,72.93,1984,1694,1925,1831,1905
2026-04-09 09:00:15,2026-04-09,DDD,72.3,72.26,72.21,72.17,72.13,1654,2070,1811,1878,1702,72.52,72.56,72.61,72.65,72.69,1566,1932,1911,1658,1623
2026-04-09 09:00:30,2026-04-09,DDD,72.38,72.34,72.29,72.25,72.21,2097,1886,1833,1844,1722,72.6,72.64,72.68,72.73,72.77,1733,1814,1909,1960,1716
2026-04-09 09:00:45,2026-04-09,DDD,72.5,72.46,72.42,72.37,72.33,1535,2075,2049,1580,1721,72.72,72.76,72.81,72.85,72.89,1936,1741,1872,1670,1994
2026-04-09 09:01:00,2026-04-09,DDD,72.63,72.59,72.54,72.5,72.46,1825,1978,1811,1958,1915,72.85,72.89,72.94,72.98,73.02,2020,1837,1748,1489,1770
2026-04-09 09:01:15,2026-04-09,DDD,72.63,72.59,72.54,72.5,72.45,2012,1847,1552,1856,1752,72.85,72.89,72.93,72.98,73.02,1592,1953,1712,1807,1717
2026-04-09 09:01:30,2026-04-09,DDD,72.9,72.85,72.81,72.77,72.72,1658,1734,2059,1968,1592,73.12,73.16,73.2,73.25,73.29,2028,1761,1541,2087,1762
2026-04-09 09:01:45,2026-04-09,DDD,73.16,73.12,73.07,73.03,72.98,1872,1838,1819,1846,1929,73.38,73.42,73.47,73.51,73.56,2011,1849,1850,1761,1649
2026-04-10 09:00:00,2026-04-10,DDD,73.73,73.69,73.64,73.6,73.55,1719,1831,1733,1651,1889,73.95,74.0,74.04,74.09,74.13,1699,1589,1986,1953,1561
2026-04-10 09:00:15,2026-04-10,DDD,73.81,73.77,73.72,73.68,73.63,1786,1952,2140,1710,1774,74.03,74.08,74.12,74.17,74.21,1720,2073,1723,1767,1603
2026-04-10 09:00:30,2026-04-10,DDD,74.05,74.01,73.96,73.92,73.87,2035,1856,1729,2012,1983,74.27,74.32,74.36,74.41,74.45,1996,1766,1849,1794,2084
2026-04-10 09:00:45,2026-04-10,DDD,73.91,73.87,73.83,73.78,73.74,1803,1788,1893,1819,1725,74.14,74.18,74.23,74.27,74.31,1640,1935,1684,1946,1680
2026-04-10 09:01:00,2026-04-10,DDD,73.88,73.83,73.79,73.74,73.7,1997,1700,2026,1562,1956,74.1,74.14,74.19,74.23,74.28,1935,1842,2058,1904,1503
2026-04-10 09:01:15,2026-04-10,DDD,73.59,73.55,73.5,73.46,73.42,1783,1709,1942,1886,1758,73.81,73.86,73.9,73.95,73.99,1686,1868,1737,1673,2015
2026-04-10 09:01:30,2026-04-10,DDD,73.68,73.63,73.59,73.54,73.5,1713,2039,1580,1997,1341,73.9,73.94,73.99,74.03,74.07,1834,1751,1840,1797,1684
2026-04-10 09:01:45,2026-04-10,DDD,73.57,73.53,73.48,73.44,73.4,1858,1385,1692,1796,1695,73.79,73.84,73.88,73.93,73.97,1993,1906,1603,1842,1999
2026-04-13 09:00:00,2026-04-13,DDD,73.19,73.15,73.1,73.06,73.01,1765,1694,1861,1833,1760,73.41,73.45,73.5,73.54,73.59,1976,1933,1567,1763,1743
2026-04-13 09:00:15,2026-04-13,DDD,73.23,73.19,73.14,73.1,73.06,1838,1619,1689,1855,1810,73.45,73.5,73.54,73.58,73.63,1953,1851,1718,2024,1680
2026-04-13 09:00:30,2026-04-13,DDD,72.99,72.95,72.9,72.86,72.82,1613,1758,1941,1826,1901,73.21,73.26,73.3,73.34,73.39,1921,1752,1491,1605,1987
2026-04-13 09:00:45,2026-04-13,DDD,72.93,72.89,72.84,72.8,72.76,1969,1878,1926,1925,1675,73.15,73.2,73.24,73.28,73.33,1628,1681,1659,1758,1679
2026-04-13 09:01:00,2026-04-13,DDD,73.11,73.06,73.02,72.97,72.93,1730,2180,1908,1555,2024,73.33,73.37,73.41,73.46,73.5,2000,1905,1853,2104,1572
2026-04-13 09:01:15,2026-04-13,DDD,72.89,72.85,72.8,72.76,72.72,1578,1795,1742,1575,1807,73.11,73.15,73.2,73.24,73.28,1652,1690,1863,1502,1889
2026-04-13 09:01:30,2026-04-13,DDD,72.64,72.59,72.55,72.51,72.46,1914,1978,1605,1876,1692,72.86,72.9,72.94,72.99,73.03,1716,2194,1894,1799,1613
2026-04-13 09:01:45,2026-04-13,DDD,72.44,72.39,72.35,72.3,72.26,1945,1888,2004,1466,1561,72.65,72.7,72.74,72.78,72.83,1832,1626,1784,1888,2039
2026-04-14 09:00:00,2026-04-14,DDD,73.48,73.44,73.39,73.35,73.3,1757,2073,1758,1564,1839,73.7,73.74,73.79,73.83,73.88,1797,1955,1883,1540,1825
2026-04-14 09:00:15,2026-04-14,DDD,73.59,73.54,73.5,73.46,73.41,1814,1708,1711,1840,1498,73.81,73.85,73.9,73.94,73.99,1625,1880,1709,1695,1655
2026-04-14 09:00:30,2026-04-14,DDD,73.77,73.73,73.68,73.64,73.59,1736,1901,1788,1968,1812,73.99,74.04,74.08,74.13,74.17,1797,1962,1761,1866,2189
2026-04-14 09:00:45,2026-04-14,DDD,73.92,73.88,73.83,73.79,73.74,1894,1615,1928,1910,1574,74.14,74.19,74.23,74.28,74.32,1960,1759,1727,1670,1811
2026-04-14 09:01:00,2026-04-14,DDD,73.93,73.89,73.84,73.8,73.75,1747,1804,1967,1794,1994,74.15,74.2,74.24,74.29,74.33,1755,1722,2001,1916,1895
2026-04-14 09:01:15,2026-04-14,DDD,73.99,73.95,73.9,73.86,73.81,1867,1828,1806,1651,1636,74.21,74.26,74.3,74.35,74.39,1819,1880,2060,1502,1871
2026-04-14 09:01:30,2026-04-14,DDD,73.99,73.95,73.91,73.86,73.82,1724,1782,1663,1802,1775,74.22,74.26,74.31,74.35,74.4,1724,1667,1792,1749,1788
2026-04-14 09:01:45,2026-04-14,DDD,74.2,74.15,74.11,74.07,74.02,1890,1908,1711,1808,1843,74.42,74.47,74.51,74.56,74.6,1803,1568,1622,1689,1733
2026-04-15 09:00:00,2026-04-15,DDD,72.79,72.74,72.7,72.66,72.61,1947,1954,1693,1937,1732,73.01,73.05,73.09,73.14,73.18,1720,1864,1721,1908,1892
2026-04-15 09:00:15,2026-04-15,DDD,73.15,73.1,73.06,73.01,72.97,1726,1750,2226,1874,1728,73.37,73.41,73.45,73.5,73.54,1787,1629,1945,1795,1601
2026-04-15 09:00:30,2026-04-15,DDD,73.07,73.03,72.99,72.94,72.9,2036,1885,1642,1976,1960,73.29,73.34,73.38,73.43,73.47,1610,1709,1950,1712,1752
2026-04-15 09:00:45,2026-04-15,DDD,73.35,73.3,73.26,73.22,73.17,1658,1950,1677,1771,1807,73.57,73.61,73.66,73.7,73.75,2000,1732,1926,1713,2016
2026-04-15 09:01:00,2026-04-15,DDD,73.02,72.97,72.93,72.89,72.84,1940,1832,1785,1526,1696,73.24,73.28,73.32,73.37,73.41,1681,1969,2021,1942,2033
2026-04-15 09:01:15,2026-04-15,DDD,72.99,72.95,72.91,72.86,72.82,1844,1813,2059,1876,1776,73.21,73.26,73.3,73.35,73.39,1593,1492,1722,1726,1873
2026-04-15 09:01:30,2026-04-15,DDD,73.19,73.15,73.1,73.06,73.02,1787,1899,1783,1662,1736,73.41,73.46,73.5,73.54,73.59,2228,1885,1902,1641,1746
2026-04-15 09:01:45,2026-04-15,DDD,72.82,72.78,72.74,72.69,72.65,2019,1676,1723,1764,1757,73.04,73.09,73.13,73.17,73.22,1770,1854,1878,1835,1869
2026-04-09 09:00:00,2026-04-09,EEE,368.19,367.97,367.75,367.53,367.31,2489,2111,1944,1622,1322,369.3,369.52,369.74,369.96,370.19,1895,1581,1385,1047,932
2026-04-09 09:00:15,2026-04-09,EEE,367.08,366.86,366.64,366.42,366.2,2894,2203,1853,1644,1361,368.19,368.41,368.63,368.85,369.07,1489,1455,1198,1150,983
2026-04-09 09:00:30,2026-04-09,EEE,368.01,367.79,367.57,367.35,367.13,2335,2159,1986,1441,1530,369.12,369.34,369.56,369.78,370.0,1824,1474,1236,1159,1137
2026-04-09 09:00:45,2026-04-09,EEE,368.09,367.87,367.65,367.43,367.21,2312,2281,1824,1420,1427,369.2,369.42,369.64,369.86,370.08,1812,1366,1382,1069,946
2026-04-09 09:01:00,2026-04-09,EEE,368.92,368.7,368.48,368.26,368.03,2192,1955,1946,1696,1177,370.03,370.25,370.47,370.69,370.92,1978,1533,1315,1152,991
2026-04-09 09:01:15,2026-04-09,EEE,367.64,367.42,367.2,366.98,366.76,2593,2001,1784,1496,1334,368.74,368.96,369.18,369.41,369.63,1807,1449,1356,1124,899
2026-04-09 09:01:30,2026-04-09,EEE,368.57,368.35,368.13,367.91,367.69,2510,2085,2001,1600,1251,369.68,369.9,370.12,370.35,370.57,1873,1464,1484,1129,913
2026-04-09 09:01:45,2026-04-09,EEE,368.47,368.25,368.03,367.8,367.58,2327,2095,1824,1665,1361,369.57,369.8,370.02,370.24,370.46,1741,1522,1237,1198,935
2026-04-10 09:00:00,2026-04-10,EEE,366.15,365.94,365.72,365.5,365.28,2294,2131,1750,1604,1516,367.25,367.48,367.7,367.92,368.14,2115,1409,1223,975,908
2026-04-10 09:00:15,2026-04-10,EEE,368.38,368.16,367.93,367.71,367.49,2307,1874,1756,1496,1399,369.48,369.7,369.93,370.15,370.37,1971,1518,1252,1148,1005
2026-04-10 09:00:30,2026-04-10,EEE,369.16,368.93,368.71,368.49,368.27,2275,2064,2005,1603,1229,370.26,370.49,370.71,370.93,371.15,1630,1572,1383,1109,970
2026-04-10 09:00:45,2026-04-10,EEE,369.71,369.49,369.27,369.05,368.82,2537,2007,1943,1576,1246,370.82,371.04,371.27,371.49,371.71,1921,1701,1324,1184,995
2026-04-10 09:01:00,2026-04-10,EEE,370.59,370.36,370.14,369.92,369.7,2274,2072,1907,1567,1331,371.7,371.92,372.15,372.37,372.59,1736,1720,1336,1101,988
2026-04-10 09:01:15,2026-04-10,EEE,370.6,370.38,370.16,369.94,369.71,2343,2131,1816,1751,1271,371.72,371.94,372.16,372.39,372.61,1762,1549,1189,986,813
2026-04-10 09:01:30,2026-04-10,EEE,371.25,371.03,370.81,370.58,370.36,2513,2168,1911,1510,1422,372.37,372.59,372.81,373.04,373.26,1655,1590,1309,1067,986
2026-04-10 09:01:45,2026-04-10,EEE,372.81,372.59,372.37,372.14,371.92,2272,2047,1873,1547,1396,373.93,374.16,374.38,374.61,374.83,2154,1276,1429,1084,813
2026-04-13 09:00:00,2026-04-13,EEE,366.31,366.09,365.87,365.65,365.43,2412,2107,1847,1575,1384,367.41,367.63,367.85,368.07,368.29,1896,1553,1340,1135,832
2026-04-13 09:00:15,2026-04-13,EEE,366.57,366.35,366.13,365.91,365.69,2685,2030,1850,1792,1257,367.68,367.9,368.12,368.34,368.56,1681,1531,1295,989,921
2026-04-13 09:00:30,2026-04-13,EEE,368.52,368.3,368.07,367.85,367.63,2394,2168,1855,1811,1314,369.62,369.85,370.07,370.29,370.51,1817,1373,1186,1040,955
2026-04-13 09:00:45,2026-04-13,EEE,370.16,369.94,369.71,369.49,369.27,2377,2030,1908,1650,1337,371.27,371.49,371.72,371.94,372.16,1932,1628,1317,1100,950
2026-04-13 09:01:00,2026-04-13,EEE,372.0,371.77,371.55,371.33,371.1,2363,2275,1798,1573,1413,373.12,373.34,373.56,373.79,374.01,1887,1302,1312,1201,742
2026-04-13 09:01:15,2026-04-13,EEE,372.78,372.55,372.33,372.11,371.88,2654,1957,1843,1550,1457,373.9,374.12,374.35,374.57,374.79,1687,1685,1212,1041,979
2026-04-13 09:01:30,2026-04-13,EEE,373.44,373.21,372.99,372.76,372.54,2506,2194,1762,1652,1317,374.56,374.78,375.01,375.23,375.46,1917,1467,1415,1173,1027
2026-04-13 09:01:45,2026-04-13,EEE,374.9,374.67,374.45,374.22,374.0,2272,2110,1879,1600,1503,376.02,376.25,376.47,376.7,376.92,1742,1464,1372,1128,995
2026-04-14 09:00:00,2026-04-14,EEE,366.88,366.66,366.44,366.22,366.0,2301,2158,1930,1557,1389,367.98,368.2,368.42,368.65,368.87,1652,1494,1262,1207,904
2026-04-14 09:00:15,2026-04-14,EEE,367.86,367.64,367.42,367.2,366.98,2640,1882,1716,1803,1288,368.97,369.19,369.41,369.63,369.85,1897,1698,1491,1182,863
2026-04-14 09:00:30,2026-04-14,EEE,368.95,368.73,368.51,368.29,368.06,2540,2285,1795,1690,1385,370.06,370.28,370.5,370.72,370.95,1882,1563,1124,1169,967
2026-04-14 09:00:45,2026-04-14,EEE,368.73,368.51,368.29,368.07,367.85,2291,2101,1842,1808,1329,369.84,370.06,370.29,370.51,370.73,1943,1571,1207,1042,1073
2026-04-14 09:01:00,2026-04-14,EEE,369.03,368.81,368.59,368.36,368.14,2752,2113,1872,1529,1402,370.14,370.36,370.58,370.8,371.03,1753,1405,1291,1157,883
2026-04-14 09:01:15,2026-04-14,EEE,368.67,368.44,368.22,368.0,367.78,2404,2261,1935,1636,1386,369.77,370.0,370.22,370.44,370.66,1868,1829,1421,1139,1008
2026-04-14 09:01:30,2026-04-14,EEE,368.9,368.67,368.45,368.23,368.01,2470,2060,1821,1651,1416,370.0,370.23,370.45,370.67,370.89,1614,1497,1215,993,967
2026-04-14 09:01:45,2026-04-14,EEE,369.41,369.19,368.97,368.75,368.53,2871,1977,1873,1649,1418,370.52,370.75,370.97,371.19,371.41,1842,1482,1447,1239,847
2026-04-15 09:00:00,2026-04-15,EEE,368.06,367.84,367.62,367.39,367.17,2539,2044,1760,1548,1349,369.16,369.38,369.61,369.83,370.05,1845,1445,1286,1189,1011
2026-04-15 09:00:15,2026-04-15,EEE,369.9,369.68,369.46,369.23,369.01,2276,2204,1903,1577,1365,371.01,371.23,371.46,371.68,371.9,1669,1500,1152,1183,831
2026-04-15 09:00:30,2026-04-15,EEE,371.85,371.62,371.4,371.18,370.95,2581,2088,1901,1670,1242,372.96,373.19,373.41,373.63,373.86,1930,1500,1360,1073,893
2026-04-15 09:00:45,2026-04-15,EEE,371.97,371.75,371.52,371.3,371.08,2542,1951,1808,1690,1292,373.09,373.31,373.54,373.76,373.98,2144,1529,1222,1239,838
2026-04-15 09:01:00,2026-04-15,EEE,372.67,372.45,372.22,372.0,371.77,2612,2082,1917,1588,1458,373.79,374.01,374.24,374.46,374.69,1824,1420,1264,1261,1016
2026-04-15 09:01:15,2026-04-15,EEE,372.43,372.2,371.98,371.76,371.53,2108,2098,1752,1644,1254,373.55,373.77,373.99,374.22,374.44,1858,1690,1317,922,847
2026-04-15 09:01:30,2026-04-15,EEE,373.9,373.67,373.45,373.22,373.0,2676,2422,1820,1582,1323,375.02,375.25,375.47,375.7,375.92,1829,1511,1231,1003,919
2026-04-15 09:01:45,2026-04-15,EEE,373.45,373.23,373.01,372.78,372.56,2310,2152,1894,1505,1433,374.58,374.8,375.03,375.25,375.48,1573,1560,1240,1055,940
2026-04-09 09:00:00,2026-04-09,FFF,120.37,120.3,120.23,120.15,120.08,1762,2028,2108,1905,1971,120.73,120.8,120.88,120.95,121.02,1936,1613,1657,1783,1731
2026-04-09 09:00:15,2026-04-09,FFF,120.16,120.09,120.02,119.95,119.88,1922,1634,1757,1711,1832,120.52,120.6,120.67,120.74,120.81,1986,1723,1808,1551,1878
2026-04-09 09:00:30,2026-04-09,FFF,120.5,120.43,120.35,120.28,120.21,1688,1729,1724,1641,1794,120.86,120.93,121.01,121.08,121.15,1713,1756,1727,1703,1846
2026-04-09 09:00:45,2026-04-09,FFF,120.79,120.72,120.64,120.57,120.5,1892,1892,1844,1767,2040,121.15,121.22,121.3,121.37,121.44,1697,1570,1597,1987,1598
2026-04-09 09:01:00,2026-04-09,FFF,120.96,120.89,120.82,120.74,120.67,2053,1685,1766,1918,1682,121.33,121.4,121.47,121.54,121.62,1960,1853,1914,1724,1676
2026-04-09 09:01:15,2026-04-09,FFF,121.08,121.01,120.93,120.86,120.79,1733,1774,1913,1830,1769,121.44,121.52,121.59,121.66,121.73,1859,1709,2058,1827,1808
2026-04-09 09:01:30,2026-04-09,FFF,120.82,120.75,120.68,120.61,120.53,1571,1886,1736,1927,1826,121.19,121.26,121.33,121.4,121.48,1976,1968,1642,1899,1813
2026-04-09 09:01:45,2026-04-09,FFF,120.21,120.13,120.06,119.99,119.92,1907,1763,1721,1872,2058,120.57,120.64,120.71,120.79,120.86,1741,1790,1602,1852,1686
2026-04-10 09:00:00,2026-04-10,FFF,121.16,121.08,121.01,120.94,120.86,1738,1626,2075,1709,1711,121.52,121.59,121.66,121.74,121.81,1678,1905,1731,1895,1768
2026-04-10 09:00:15,2026-04-10,FFF,120.76,120.68,120.61,120.54,120.47,1759,1652,1660,1839,2015,121.12,121.19,121.27,121.34,121.41,1819,1770,1681,1757,2071
2026-04-10 09:00:30,2026-04-10,FFF,120.43,120.36,120.29,120.21,120.14,1836,1840,1757,1677,1796,120.79,120.86,120.94,121.01,121.08,1547,1492,1750,1609,1751
2026-04-10 09:00:45,2026-04-10,FFF,120.36,120.29,120.22,120.14,120.07,2015,1868,2028,1834,1731,120.72,120.8,120.87,120.94,121.01,1745,1795,1831,1798,2091
2026-04-10 09:01:00,2026-04-10,FFF,120.37,120.3,120.22,120.15,120.08,1858,1759,2012,1854,1828,120.73,120.8,120.88,120.95,121.02,1808,1955,1932,1908,1843
2026-04-10 09:01:15,2026-04-10,FFF,120.54,120.47,120.4,120.32,120.25,1986,1798,1730,1933,1663,120.9,120.98,121.05,121.12,121.19,1690,1669,1841,1812,1619
2026-04-10 09:01:30,2026-04-10,FFF,120.39,120.32,120.25,120.18,120.11,1860,1950,1852,1686,1600,120.76,120.83,120.9,120.97,121.05,1663,1939,2028,1723,2062
2026-04-10 09:01:45,2026-04-10,FFF,120.18,120.11,120.04,119.96,119.89,1747,1617,1961,1539,1821,120.54,120.61,120.69,120.76,120.83,1913,1891,1617,1571,1945
2026-04-13 09:00:00,2026-04-13,FFF,121.17,121.09,121.02,120.95,120.88,1824,2111,1980,1892,1834,121.53,121.6,121.68,121.75,121.82,1789,1827,1763,1796,1887
2026-04-13 09:00:15,2026-04-13,FFF,120.7,120.63,120.56,120.49,120.41,2047,1945,1609,1978,2045,121.07,121.14,121.21,121.28,121.36,1850,2046,2037,1566,1888
2026-04-13 09:00:30,2026-04-13,FFF,120.8,120.73,120.66,120.59,120.51,1767,1912,1716,1761,2072,121.17,121.24,121.31,121.38,121.46,1775,1915,1954,1787,1800
2026-04-13 09:00:45,2026-04-13,FFF,120.88,120.8,120.73,120.66,120.59,1829,1610,1885,1795,1599,121.24,121.31,121.39,121.46,121.53,1859,1795,1898,1871,1738
2026-04-13 09:01:00,2026-04-13,FFF,120.6,120.53,120.46,120.39,120.32,1745,1818,1483,1866,1633,120.97,121.04,121.11,121.19,121.26,1799,1795,1764,1909,1661
2026-04-13 09:01:15,2026-04-13,FFF,120.79,120.72,120.65,120.58,120.5,1854,1802,1830,1729,1996,121.16,121.23,121.3,121.37,121.45,2026,1794,1966,1804,1698
2026-04-13 09:01:30,2026-04-13,FFF,120.21,120.14,120.06,119.99,119.92,1791,1641,1723,1641,2004,120.57,120.64,120.71,120.79,120.86,1787,1821,1747,1808,1712
2026-04-13 09:01:45,2026-04-13,FFF,119.88,119.81,119.73,119.66,119.59,1754,1843,1734,1365,1621,120.24,120.31,120.38,120.45,120.53,2014,1853,1721,1777,1797
2026-04-14 09:00:00,2026-04-14,FFF,119.54,119.47,119.4,119.32,119.25,1692,1687,1896,1765,1838,119.9,119.97,120.04,120.11,120.19,1887,1997,1814,1738,1820
2026-04-14 09:00:15,2026-04-14,FFF,119.43,119.35,119.28,119.21,119.14,1667,1612,1931,1947,1925,119.78,119.86,119.93,120.0,120.07,1549,1818,1812,1966,1714
2026-04-14 09:00:30,2026-04-14,FFF,119.22,119.15,119.08,119.01,118.94,1718,1929,1698,1826,1759,119.58,119.65,119.72,119.79,119.87,1924,1797,2008,1815,1735
2026-04-14 09:00:45,2026-04-14,FFF,118.8,118.73,118.66,118.58,118.51,1830,1988,1730,1862,1821,119.16,119.23,119.3,119.37,119.44,1640,1762,1792,1648,1865
2026-04-14 09:01:00,2026-04-14,FFF,118.57,118.5,118.43,118.36,118.29,1993,1958,1703,1931,1986,118.93,119.0,119.07,119.14,119.21,1911,1883,1758,1820,2092
2026-04-14 09:01:15,2026-04-14,FFF,118.64,118.57,118.49,118.42,118.35,1777,2115,1995,1810,1817,118.99,119.06,119.14,119.21,119.28,1954,1519,2063,1489,1861
2026-04-14 09:01:30,2026-04-14,FFF,118.69,118.61,118.54,118.47,118.4,1932,1558,1808,1769,1746,119.04,119.11,119.19,119.26,119.33,1667,2159,1830,1869,1356
2026-04-14 09:01:45,2026-04-14,FFF,118.42,118.34,118.27,118.2,118.13,1709,1512,1986,2028,2054,118.77,118.84,118.91,118.99,119.06,1711,1672,1827,1769,2009
2026-04-15 09:00:00,2026-04-15,FFF,120.79,120.72,120.64,120.57,120.5,1494,1542,1782,1750,1753,121.15,121.22,121.3,121.37,121.44,1911,2105,1965,1902,1972
2026-04-15 09:00:15,2026-04-15,FFF,120.96,120.89,120.81,120.74,120.67,1950,1820,1553,1633,1722,121.32,121.4,121.47,121.54,121.61,1660,1834,1926,1820,1951
2026-04-15 09:00:30,2026-04-15,FFF,121.15,121.08,121.01,120.93,120.86,1808,1925,2071,2042,1771,121.51,121.59,121.66,121.73,121.81,1918,1688,1660,1582,1809
2026-04-15 09:00:45,2026-04-15,FFF,121.29,121.22,121.15,121.08,121.0,1776,1705,1778,1904,1869,121.66,121.73,121.8,121.88,121.95,1850,1917,1933,1731,1894
2026-04-15 09:01:00,2026-04-15,FFF,121.47,121.4,121.32,121.25,121.18,1779,2033,1929,1704,1761,121.83,121.91,121.98,122.05,122.13,1806,1700,2037,1941,2040
2026-04-15 09:01:15,2026-04-15,FFF,121.46,121.38,121.31,121.24,121.16,1783,1886,1628,1822,1637,121.82,121.89,121.97,122.04,122.11,1759,2209,1857,1570,1721
2026-04-15 09:01:30,2026-04-15,FFF,121.13,121.06,120.99,120.91,120.84,1731,1950,1799,1680,1503,121.5,121.57,121.64,121.71,121.79,1685,1948,1756,1957,1630
2026-04-15 09:01:45,2026-04-15,FFF,120.99,120.92,120.85,120.77,120.7,1810,1889,1991,1833,1770,121.36,121.43,121.5,121.57,121.65,1866,1908,1836,1910,1966
2026-04-09 09:00:00,2026-04-09,GGG,40.27,40.25,40.22,40.2,40.18,1470,1093,964,885,875,40.39,40.42,40.44,40.47,40.49,2807,2212,2158,2026,1745
2026-04-09 09:00:15,2026-04-09,GGG,40.2,40.18,40.16,40.13,40.11,1446,1421,1252,1046,980,40.33,40.35,40.37,40.4,40.42,3452,2849,2243,2061,1778
2026-04-09 09:00:30,2026-04-09,GGG,40.04,40.01,39.99,39.96,39.94,1548,1265,1035,1006,916,40.16,40.18,40.21,40.23,40.25,2726,2416,2146,1898,1784
2026-04-09 09:00:45,2026-04-09,GGG,39.77,39.74,39.72,39.7,39.67,1383,1161,1127,1041,830,39.89,39.91,39.93,39.96,39.98,2915,2349,2144,2052,1556
2026-04-09 09:01:00,2026-04-09,GGG,39.8,39.77,39.75,39.73,39.7,1441,1100,1121,1048,938,39.92,39.94,39.97,39.99,40.01,3080,2731,2461,2106,2009
2026-04-09 09:01:15,2026-04-09,GGG,39.68,39.66,39.64,39.61,39.59,1547,1266,1195,1040,918,39.8,39.83,39.85,39.88,39.9,2701,2509,2444,2147,1770
2026-04-09 09:01:30,2026-04-09,GGG,39.55,39.53,39.5,39.48,39.46,1434,1061,1164,1059,821,39.67,39.69,39.72,39.74,39.77,2897,2379,2380,1900,1919
2026-04-09 09:01:45,2026-04-09,GGG,39.65,39.63,39.61,39.58,39.56,1602,1358,966,992,909,39.77,39.8,39.82,39.84,39.87,2953,2506,2398,1846,1867
2026-04-10 09:00:00,2026-04-10,GGG,40.17,40.15,40.12,40.1,40.08,1449,1332,1050,1051,909,40.29,40.32,40.34,40.37,40.39,2527,2462,2375,2142,1780
2026-04-10 09:00:15,2026-04-10,GGG,40.08,40.06,40.04,40.01,39.99,1535,1192,900,816,853,40.2,40.23,40.25,40.28,40.3,2984,2607,2098,1966,1929
2026-04-10 09:00:30,2026-04-10,GGG,40.01,39.98,39.96,39.93,39.91,1191,1231,1071,1019,1022,40.13,40.15,40.17,40.2,40.22,2866,2961,2379,2126,1870
2026-04-10 09:00:45,2026-04-10,GGG,39.97,39.95,39.92,39.9,39.88,1584,1294,1070,942,970,40.09,40.12,40.14,40.16,40.19,2869,2557,2399,2093,1796
2026-04-10 09:01:00,2026-04-10,GGG,40.07,40.05,40.02,40.0,39.98,1277,1327,1232,945,925,40.19,40.22,40.24,40.27,40.29,2825,2496,2320,2300,1785
2026-04-10 09:01:15,2026-04-10,GGG,39.97,39.95,39.92,39.9,39.88,1390,1267,1073,1134,913,40.09,40.12,40.14,40.16,40.19,2696,2374,2312,2102,1781
2026-04-10 09:01:30,2026-04-10,GGG,39.86,39.84,39.82,39.79,39.77,1517,1120,1242,1063,1172,39.98,40.01,40.03,40.06,40.08,3115,2450,2203,1959,1934
2026-04-10 09:01:45,2026-04-10,GGG,39.73,39.7,39.68,39.66,39.63,1412,1266,1189,1051,1094,39.85,39.87,39.89,39.92,39.94,2796,2736,2354,2139,1985
2026-04-13 09:00:00,2026-04-13,GGG,39.95,39.92,39.9,39.87,39.85,1456,1281,1157,1180,902,40.07,40.09,40.11,40.14,40.16,2885,2374,2367,2079,1852
2026-04-13 09:00:15,2026-04-13,GGG,39.95,39.92,39.9,39.87,39.85,1330,1220,1113,876,877,40.07,40.09,40.11,40.14,40.16,2820,2486,2543,2188,1755
2026-04-13 09:00:30,2026-04-13,GGG,39.94,39.92,39.89,39.87,39.84,1399,1284,1138,1070,957,40.06,40.08,40.11,40.13,40.16,3121,2556,2410,1988,1946
2026-04-13 09:00:45,2026-04-13,GGG,39.83,39.81,39.79,39.76,39.74,1571,1161,1066,1020,930,39.95,39.98,40.0,40.03,40.05,2934,2680,2432,1945,1820
2026-04-13 09:01:00,2026-04-13,GGG,39.79,39.76,39.74,39.71,39.69,1422,1406,1183,1140,939,39.91,39.93,39.95,39.98,40.0,2712,2384,2251,2139,1912
2026-04-13 09:01:15,2026-04-13,GGG,39.77,39.75,39.73,39.7,39.68,1243,1303,1075,1078,937,39.89,39.92,39.94,39.96,39.99,2943,2671,2391,2000,1683
2026-04-13 09:01:30,2026-04-13,GGG,39.67,39.65,39.62,39.6,39.57,1599,1218,1187,1005,969,39.79,39.81,39.84,39.86,39.88,2737,2857,2501,1904,1848
2026-04-13 09:01:45,2026-04-13,GGG,39.64,39.62,39.6,39.57,39.55,1547,1265,1148,925,909,39.76,39.79,39.81,39.84,39.86,3055,2550,2173,2134,1880
2026-04-14 09:00:00,2026-04-14,GGG,40.41,40.38,40.36,40.34,40.31,1478,1277,960,1090,1013,40.53,40.55,40.58,40.6,40.63,3079,2595,2236,1947,1743
2026-04-14 09:00:15,2026-04-14,GGG,40.4,40.38,40.35,40.33,40.3,1419,1163,1093,1061,884,40.52,40.55,40.57,40.6,40.62,2875,2564,2147,2083,1717
2026-04-14 09:00:30,2026-04-14,GGG,40.38,40.35,40.33,40.3,40.28,1441,1104,1148,973,1009,40.5,40.52,40.55,40.57,40.6,3035,2526,2103,2079,1895
2026-04-14 09:00:45,2026-04-14,GGG,40.34,40.32,40.29,40.27,40.24,1334,1107,1092,1003,1001,40.46,40.49,40.51,40.53,40.56,2756,2615,2282,1903,1825
2026-04-14 09:01:00,2026-04-14,GGG,40.29,40.27,40.24,40.22,40.19,1351,1325,1022,1043,933,40.41,40.43,40.46,40.48,40.51,2951,2408,2351,2079,1788
2026-04-14 09:01:15,2026-04-14,GGG,40.24,40.22,40.2,40.17,40.15,1349,1140,1122,1143,930,40.36,40.39,40.41,40.44,40.46,2692,2378,2296,1828,1721
2026-04-14 09:01:30,2026-04-14,GGG,40.21,40.18,40.16,40.14,40.11,1295,1329,1193,1137,814,40.33,40.35,40.38,40.4,40.43,2805,2742,2289,1871,1824
2026-04-14 09:01:45,2026-04-14,GGG,40.14,40.12,40.1,40.07,40.05,1249,1386,1076,984,1009,40.27,40.29,40.31,40.34,40.36,3095,2486,2212,1899,1894
2026-04-15 09:00:00,2026-04-15,GGG,40.77,40.75,40.72,40.7,40.67,1314,1283,1169,965,984,40.89,40.92,40.94,40.97,40.99,3237,2377,2102,2028,1760
2026-04-15 09:00:15,2026-04-15,GGG,40.79,40.76,40.74,40.72,40.69,1505,1226,984,860,943,40.91,40.94,40.96,40.99,41.01,2656,2414,2464,1864,1957
2026-04-15 09:00:30,2026-04-15,GGG,40.68,40.66,40.64,40.61,40.59,1569,1139,1070,1113,910,40.81,40.83,40.86,40.88,40.9,2325,2680,2132,2056,1787
2026-04-15 09:00:45,2026-04-15,GGG,40.58,40.55,40.53,40.5,40.48,1544,1138,1021,1019,770,40.7,40.72,40.75,40.77,40.8,3137,2357,2253,2051,1872
2026-04-15 09:01:00,2026-04-15,GGG,40.65,40.63,40.6,40.58,40.55,1360,1073,1124,1099,836,40.77,40.8,40.82,40.85,40.87,2984,2595,2283,2094,1765
2026-04-15 09:01:15,2026-04-15,GGG,40.65,40.63,40.6,40.58,40.55,1593,1430,1053,1020,983,40.77,40.8,40.82,40.85,40.87,2555,2405,2339,2034,1921
2026-04-15 09:01:30,2026-04-15,GGG,40.67,40.65,40.62,40.6,40.57,1511,1299,1137,1064,1089,40.79,40.82,40.84,40.87,40.89,3244,2672,2216,1891,1764
2026-04-15 09:01:45,2026-04-15,GGG,40.59,40.57,40.54,40.52,40.49,1299,1301,1139,1105,936,40.71,40.74,40.76,40.79,40.81,3503,2496,2440,2088,1843
2026-04-09 09:00:00,2026-04-09,HHH,155.61,155.52,155.42,155.33,155.24,1845,1762,1767,2124,1676,156.08,156.17,156.26,156.36,156.45,1725,1699,1640,1607,1924
2026-04-09 09:00:15,2026-04-09,HHH,156.11,156.01,155.92,155.82,155.73,1797,1902,1862,1904,1405,156.57,156.67,156.76,156.86,156.95,1691,1691,1906,2021,1743
2026-04-09 09:00:30,2026-04-09,HHH,156.41,156.31,156.22,156.13,156.03,1671,1802,1534,1764,1678,156.88,156.97,157.07,157.16,157.25,1981,1767,1802,1756,1879
2026-04-09 09:00:45,2026-04-09,HHH,156.85,156.76,156.66,156.57,156.47,1945,1484,1929,1930,1643,157.32,157.42,157.51,157.6,157.7,1656,1741,1893,2009,1721
2026-04-09 09:01:00,2026-04-09,HHH,156.1,156.0,155.91,155.82,155.72,1997,1591,1807,1821,1871,156.57,156.66,156.75,156.85,156.94,1580,1765,1701,1999,1749
2026-04-09 09:01:15,2026-04-09,HHH,156.09,156.0,155.9,155.81,155.72,1899,1871,1867,1946,1777,156.56,156.66,156.75,156.84,156.94,1687,1999,1842,1754,1916
2026-04-09 09:01:30,2026-04-09,HHH,155.9,155.8,155.71,155.62,155.52,1783,1876,1830,1729,2014,156.37,156.46,156.55,156.65,156.74,1942,1834,2027,1685,1996
2026-04-09 09:01:45,2026-04-09,HHH,156.05,155.96,155.86,155.77,155.68,1688,1936,1707,1665,1859,156.52,156.61,156.71,156.8,156.9,1663,1894,1831,1781,1780
2026-04-10 09:00:00,2026-04-10,HHH,155.28,155.18,155.09,155.0,154.9,1967,1499,1800,1822,1692,155.74,155.84,155.93,156.02,156.12,1596,1770,1677,1809,2008
2026-04-10 09:00:15,2026-04-10,HHH,155.28,155.18,155.09,155.0,154.9,1906,1771,1886,1848,1819,155.74,155.84,155.93,156.02,156.12,2003,1872,1860,1886,1759
2026-04-10 09:00:30,2026-04-10,HHH,155.28,155.18,155.09,155.0,154.9,1792,1936,1654,1965,1791,155.74,155.84,155.93,156.02,156.12,1983,1829,1800,2015,1705
2026-04-10 09:00:45,2026-04-10,HHH,155.49,155.4,155.31,155.21,155.12,1773,1594,1663,2067,1808,155.96,156.05,156.15,156.24,156.33,1773,1583,1574,1949,1679
2026-04-10 09:01:00,2026-04-10,HHH,155.68,155.59,155.5,155.4,155.31,1871,1668,1795,1781,2020,156.15,156.25,156.34,156.43,156.53,1873,1716,1720,1844,1774
2026-04-10 09:01:15,2026-04-10,HHH,155.23,155.14,155.05,154.96,154.86,1546,1918,1756,1956,1796,155.7,155.79,155.89,155.98,156.07,1741,2125,1863,1495,1637
2026-04-10 09:01:30,2026-04-10,HHH,155.18,155.09,154.99,154.9,154.81,1775,2002,1739,1933,1832,155.64,155.74,155.83,155.93,156.02,1694,1885,1854,1750,1488
2026-04-10 09:01:45,2026-04-10,HHH,155.14,155.05,154.96,154.86,154.77,1842,1887,1615,1774,1789,155.61,155.7,155.8,155.89,155.98,1847,1809,1560,1899,1706
2026-04-13 09:00:00,2026-04-13,HHH,152.87,152.77,152.68,152.59,152.5,1815,1883,1562,1654,1903,153.32,153.42,153.51,153.6,153.69,2016,1858,2083,1567,1834
2026-04-13 09:00:15,2026-04-13,HHH,152.59,152.5,152.4,152.31,152.22,1988,1552,1660,1842,1874,153.05,153.14,153.23,153.32,153.41,1853,1643,2253,1995,1882
2026-04-13 09:00:30,2026-04-13,HHH,152.26,152.16,152.07,151.98,151.89,1830,1886,1776,1912,1635,152.71,152.81,152.9,152.99,153.08,1570,1685,1840,1851,1977
2026-04-13 09:00:45,2026-04-13,HHH,152.53,152.44,152.35,152.26,152.17,1720,1745,1788,2098,2020,152.99,153.08,153.18,153.27,153.36,1810,1897,1715,1629,1617
2026-04-13 09:01:00,2026-04-13,HHH,153.08,152.98,152.89,152.8,152.71,1892,1791,2088,1895,1646,153.54,153.63,153.72,153.81,153.91,1963,1976,1845,1863,1585
2026-04-13 09:01:15,2026-04-13,HHH,152.96,152.87,152.78,152.69,152.6,1661,1932,1713,1439,1661,153.42,153.52,153.61,153.7,153.79,1805,1594,1948,1839,1758
2026-04-13 09:01:30,2026-04-13,HHH,153.1,153.01,152.92,152.83,152.73,1739,1738,1775,1613,1709,153.56,153.65,153.75,153.84,153.93,1696,1956,1784,1567,1852
2026-04-13 09:01:45,2026-04-13,HHH,152.57,152.47,152.38,152.29,152.2,1785,1595,1829,1793,1884,153.02,153.12,153.21,153.3,153.39,1965,1715,1845,1622,1988
2026-04-14 09:00:00,2026-04-14,HHH,156.41,156.31,156.22,156.13,156.03,1891,1778,1692,1853,2011,156.88,156.97,157.07,157.16,157.25,1930,1826,1866,1957,1801
2026-04-14 09:00:15,2026-04-14,HHH,156.94,156.85,156.76,156.66,156.57,1787,1731,1666,2055,1891,157.42,157.51,157.61,157.7,157.79,1705,1958,1975,2050,2097
2026-04-14 09:00:30,2026-04-14,HHH,157.16,157.06,156.97,156.87,156.78,1991,1999,1818,1937,1629,157.63,157.72,157.82,157.91,158.01,1882,2127,1788,1912,1455
2026-04-14 09:00:45,2026-04-14,HHH,157.06,156.97,156.87,156.78,156.68,1897,2046,2022,1709,1563,157.53,157.63,157.72,157.82,157.91,1853,1850,1981,1945,1762
2026-04-14 09:01:00,2026-04-14,HHH,156.95,156.86,156.76,156.67,156.57,1573,1668,1731,1982,1840,157.42,157.52,157.61,157.7,157.8,1442,1621,1840,2143,1696
2026-04-14 09:01:15,2026-04-14,HHH,156.29,156.2,156.1,156.01,155.91,1961,1790,1714,1743,1618,156.76,156.85,156.95,157.04,157.14,1985,1542,1942,1784,1774
2026-04-14 09:01:30,2026-04-14,HHH,155.92,155.82,155.73,155.63,155.54,2026,1802,1617,1918,1815,156.38,156.48,156.57,156.67,156.76,1551,1665,1970,1759,1957
2026-04-14 09:01:45,2026-04-14,HHH,155.8,155.7,155.61,155.52,155.42,1668,1804,1823,1874,1705,156.27,156.36,156.45,156.55,156.64,1853,2198,1773,1870,1667
2026-04-15 09:00:00,2026-04-15,HHH,155.52,155.42,155.33,155.24,155.14,1629,1891,1830,1834,1840,155.98,156.08,156.17,156.26,156.36,1550,1732,1845,1712,1705
2026-04-15 09:00:15,2026-04-15,HHH,154.84,154.74,154.65,154.56,154.47,2293,1815,1925,1799,1668,155.3,155.4,155.49,155.58,155.68,1495,1655,1702,1818,1916
2026-04-15 09:00:30,2026-04-15,HHH,154.27,154.18,154.08,153.99,153.9,1613,1403,1743,1798,2131,154.73,154.83,154.92,155.01,155.1,1748,1769,1967,1917,1874
2026-04-15 09:00:45,2026-04-15,HHH,154.35,154.26,154.16,154.07,153.98,1992,1793,1896,1933,1905,154.81,154.91,155.0,155.09,155.18,1772,1655,1719,1754,2198
2026-04-15 09:01:00,2026-04-15,HHH,153.6,153.5,153.41,153.32,153.23,1601,1725,1659,1715,2022,154.06,154.15,154.24,154.33,154.43,1734,1735,1933,1804,2007
2026-04-15 09:01:15,2026-04-15,HHH,153.21,153.12,153.03,152.94,152.85,1646,1768,1920,1865,1674,153.68,153.77,153.86,153.95,154.04,1843,1784,1856,1938,1836
2026-04-15 09:01:30,2026-04-15,HHH,152.71,152.61,152.52,152.43,152.34,1960,1369,1714,1504,1701,153.16,153.26,153.35,153.44,153.53,2123,1488,1965,1862,1483
2026-04-15 09:01:45,2026-04-15,HHH,153.42,153.33,153.24,153.15,153.06,1745,1652,1924,1478,1653,153.88,153.98,154.07,154.16,154.25,1856,2059,1901,1787,1842
